TIPO_ENTIDAD,COD_ENTIDAD,RAZON_SOCIAL,DIRECCION,CIUDAD,NUMEROIDENTIFICACION,NOMBREPUBLICOCARGO,REPRESENTANTE_LEGAL,EMAILPRINCIPAL,URIPAGINAWEB
11,10,WILLIS TOWERS WATSON COLOMBIA CORREDORES DE SEGUROS S.A.,"Avenida 19 No. 95-20, Piso 16 Edificio Torre Sigma",BOGOTÁ D.C.,8909016044,Presidente,MARGARITA MARÍA LÓPEZ RAMÍREZ,margarita.lopez@wtwco.com,Pendiente
5,12,FIDUCIARIA LA PREVISORA S.A. la cual podrá usar la sigla FIDUPREVISORA S.A.,"Calle 72 No. 10-03 Pisos 4, 5, 8 y 9",BOGOTÁ D.C.,8605251485,Presidente,MAGDA LORENA GIRALDO PARRA,servicioalcliente@fiduprevisora.com.co,www.fiduprevisora.com.co
13,29,SEGUROS DEL ESTADO S.A.,"Auto. Norte, Cra 45, No.103-60, Edif. Amadeus,Piso 5, Barrio Santa Bibiana",BOGOTÁ D.C.,8600095786,Presidente,HUMBERTO  MORA ESPINOSA,juridico@segurosdelestado.com,Pendiente
14,19,SEGUROS DE VIDA DEL ESTADO S.A.,"Auto. Norte, Cra 45, No.103-60, Edif. Amadeus,Piso 5, Barrio Santa Bibiana",BOGOTÁ D.C.,8600091744,Presidente,HUMBERTO  MORA ESPINOSA,juridico@segurosdelestado.com,Pendiente
13,52,QUÁLITAS COMPAÑÍA DE SEGUROS COLOMBIA S.A.,Avenida Pepe Sierra  No. 18 - 82,BOGOTÁ D.C.,9018490375,Presidente,MARÍA ANTONIETA REYES VERA,correspondencia@qualitascolombia.com.co,Pendiente
22,6,EMPRESA NACIONAL PROMOTORA DEL DESARROLLO TERRITORIAL S.A. y podrá también usar la sigla ENTerritorio S.A.,Calle 26 No.13-19 Pisos 1- 20 a 22 Edificio Fonade,BOGOTÁ D.C.,8999993161,Presidente,LINA MARÍA BARRERA RUEDA,fonade@fonade.gov.co,Pendiente
1,1,BANCO DE BOGOTÁ S.A.,Calle 36 No. 7 - 47.,BOGOTÁ D.C.,8600029644,Presidente,CÉSAR PRADO VILLEGAS,rjudicial@bancodebogota.com.co,www.bancodebogota.com.co
1,2,BANCO POPULAR S.A.,Calle 17 No. 7 - 35 piso 1,BOGOTÁ D.C.,8600077389,Presidente,MARÍA FERNANDA SUÁREZ LONDOÑO,presidencia@bancopopular.com.co,www.bancopopular.com.co
1,7,"BANCOLOMBIA S.A. podrá girar también con la denominación social Banco de Colombia S.A., pudiendo identificar sus establecimientos de comercio, productos y servicios, con el nombre comercial de BANCOLOMBIA",Carrera 48 No.26-85 Avenida los Industriales.,MEDELLIN,8909039388,Presidente,JUAN CARLOS MORA URIBE,gciari@bancolombia.com.co,www.bancolombia.com.co
1,9,CITIBANK-COLOMBIA Podrá utilizar solamente la expresión CITIBANK,Carrera 9 A No. 99-02 Piso 3,BOGOTÁ D.C.,8600511354,Presidente,ELIZABETH REY DÍAZ,legalnotificaciones@citi.com,Pendiente
1,12,"BANCO GNB SUDAMERIS S.A. quien podrá utilizar el nombre BANCO GNB SUDAMERIS o SUDAMERIS, seguidos o no de las expresiones sociedad anónima o la sigla S.A.",Carrera 7 No. 75 - 85/87,BOGOTÁ D.C.,8600507501,Presidente,RICARDO DÍAZ ROMERO,jecortes@gnbsudameris.com.co,www.gnbsudameris.com.co
1,13,"BANCO BILBAO VIZCAYA ARGENTARIA COLOMBIA S.A. pudiendo utilizar indistintamente, para todos los efectos legales, el nombre BBVA Colombia.",Carrera 9 No. 72-21,BOGOTÁ D.C.,8600030201,Presidente Ejecutivo,MARIO PARDO BAYONA,notifica.co@bbva.com,www.bbva.com.co
1,23,BANCO DE OCCIDENTE,Carrera 13 No. 27-47,BOGOTÁ D.C.,8903002794,Presidente,GERARDO JOSÉ SILVA CASTRO,djuridica@bancodeoccidente.com.co,www.bancodeccidente.com.co
1,30,BANCO CAJA SOCIAL S.A.y podrá usar el nombre BANCO CAJA SOCIAL,Carrera 7 No. 77-65 Torre Colmena,BOGOTÁ D.C.,8600073354,Presidente,DIEGO FERNANDO PRIETO RIVERA,contactenos@bancocajasocial.com,Pendiente
1,39,BANCO DAVIVIENDA S.A. o BANCO DAVIVIENDA,Avenida El Dorado No. 68 B 31 Piso 1,BOGOTÁ D.C.,8600343137,Presidente,JAVIER JOSÉ SUÁREZ ESPARRAGOZA,notificacionesjudiciales@davivienda.co,Pendiente
1,42,"SCOTIABANK COLPATRIA S.A. y podrá utilizar cualquiera de los siguientes nombres abreviados o siglas: BANCO COLPATRIA, SCOTIABANK, SCOTIABANK COLPATRIA, COLPATRIA SCOTIABANK, COLPATRIA MULTIBANCA, MULTIBANCA COLPATRIA, (en adel",Carrera 7 No. 24-89 Piso 10,BOGOTÁ D.C.,8600345941,Presidente,JABAR JAI SINGH III,notificbancolpatria@colpatria.com,www.scotiabankcolpatria.com (2020128285)
1,43,BANCO AGRARIO DE COLOMBIA S.A. y podrá usar el nombre BANCO AGRARIO DE COLOMBIA  o BANAGRARIO.,Carrera 8 No. 15-43,BOGOTÁ D.C.,8000378008,Presidente,HERNANDO FRANCISCO CHICA ZUCCARDI,attnclie@bancoagrario.gov.co,www.bancoagrario.gov.co
1,49,"BANCO COMERCIAL AV VILLAS S.A., que podrá girar bajo la denominación de Banco de Ahorro y Vivienda AV Villas, Banco AV Villas o AV Villas.",Carrera 13 No. 27-47,BOGOTÁ D.C.,8600358275,Presidente,GERARDO ALFREDO HERNÁNDEZ CORREA,NotificacionesJudiciales@bancoavvillas.,Pendiente
1,51,"BANCIEN S.A. y/o BAN100 PARAGRAFO TRANSITORIO: Además de la denominación de BANCIEN S.A. y/o BAN100 S.A., la Sociedad podrá utilizar indistintamente y para todos los efectos legales requeridos este nombre y/o su denominación anterior de BANCO CREDIFINANCIERA S.A., por el término de un (1) año contado a partir de la fecha de la protocolización de la respectiva reforma estatutaria mediante Escritura Pública.",Carrera 7 No.76-35 Piso 9,BOGOTÁ D.C.,9002009609,Presidente,HÉCTOR AUGUSTO CHAVES OLARTE,impuestos@credifinanciera.com.co,Pendiente
1,52,"BANCO DE LAS MICROFINANZAS BANCAMÍA S.A., pudiendo utilizar el nombre BANCAMÍA S.A.",Carrera 9 No. 66 -25,BOGOTÁ D.C.,9002150711,Presidente Ejecutivo,VIVIANA ARAQUE MENDOZA,servicioalcliente@bancamia.com.co,www.bancamia.com.co
1,53,BANCO W S.A.,Avenida 5 Norte No. 16 N 57 Piso 4,CALI,9003782122,Presidente,JOSÉ ALEJANDRO GUERRERO BECERRA,correspondenciabancow@bancow.com.co,www.bancow.com.co
1,54,BANCO COOMEVA S.A. pero en sus relaciones comerciales podrá identificarse como BANCO COOMEVA o utilizar la sigla BANCOOMEVA,Calle 13 No. 57-50 piso 2,CALI,9004061505,Presidente,MARCO ANTONIO RIZO CIFUENTES,bancoomeva@coomeva.com.co,Pendiente
1,55,"BANCO FINANDINA S.A. BIC, pero podrá identificarse simplemente con la sigla FINANDINA BIC o BANCO FINANDINA BIC",Kilometro 17 carretera central del Norte vía a Chia,CHIA,8600518946,Gerente General,ORLANDO FORERO GÓMEZ,notificacionesjudiciales@bancofinandina.,Pendiente
1,56,BANCO FALABELLA S.A.,"Avenida 19 No. 120-71, Piso 3",BOGOTÁ D.C.,9000479818,Gerente General,RODRIGO ANDRÉS SABUGAL ARMIJO,notificacionesembargos@bancofalabella.co,Pendiente
1,57,BANCO PICHINCHA S.A.,Av. Las Americas No. 42-81,BOGOTÁ D.C.,8902007567,Presidente Ejecutivo,GERMÁN ENRIQUE RODRÍGUEZ PERDOMO,notificacionesjudiciales@pichincha.com.c,www.bancopichincha.com.co
1,58,EL BANCO COOPERATIVO COOPCENTRAL cuya sigla es COOPCENTRAL,Avenida Calle 116 No. 23-06/28 Edificio Business Center 116,BOGOTÁ D.C.,8902030889,Presidente Ejecutivo,JORGE ANDRÉS LÓPEZ BAUTISTA,coopcentral@coopcentral.com.co,Pendiente
1,59,"BANCO SANTANDER DE NEGOCIOS COLOMBIA S.A. (en adelante El Banco), pudiendo identificar sus oficinas, productos o servicios con las siglas o nombres comerciales Banco Santander o Santander",Calle 93 A No. 13-24 Piso 4,BOGOTÁ D.C.,9006281103,Presidente Ejecutivo,MARTA ISABEL WOODCOCK  SALAS,notificaciones@santander.com.co,www.santander.com.co
128,5,"COINK S.A., Sociedad Especializada en Depósitos y Pagos Electrónicos.",Calle 70A No.13-43,BOGOTÁ D.C.,9011988788,Presidente,MARIO ALEJANDRO CASTRO ILLIDGE,notificacionesjudiciales@coink.com,Pendiente
1,60,BANCO MUNDO MUJER S.A. o MUNDO MUJER EL BANCO DE LA COMUNIDAD o MUNDO MUJER y en los presentes estatutos se hará referencia al mismo como el Banco,Carrera 11 No. 5 - 56 Barrio Valencia,POPAYAN,9007689338,Presidente,JOSÉ VICENTE VELASCO MELO,cumplimiento.normativo@bmm.com.co,Pendiente
1,62,"Mibanco -Banco de la Microempresa de Colombia S.A., y podrá utilizar la sigla Mibanco S.A.",Carrera 8 No. 15-51 Mezanine Edificio Ucros,BOGOTÁ D.C.,8600259715,Presidente,NANCY ISABEL TUEROS CHIA DE MIRANDA,notificaciones@mibanco.com.co,Pendiente
1,63,"BANCO SERFINANZA S.A., podrá girar tambien con la denominación social BANCO SERFINANZA , pudiendo identificar  sus establecimientos de comercio, productos y servicios, con el nombre comercial SERFINANZA",Calle 72 Carrera 54-63 y Carrera 54-63 Locales 5 y 6,BARRANQUILLA,8600431866,Presidente,GIAN PIERO CELIA MARTÍNEZ-APARICIO,hyunis@serfinansa.com.co,www.serfinansa.com.co
1,64,"BANCO J.P. MORGAN COLOMBIA S.A., (la Sociedad)","Carrera 11 No. 84 A-09, Piso 7",BOGOTÁ D.C.,9001143468,Presidente,ÁNGELA MARÍA HURTADO CASTRO,Pendiente,Pendiente
1,65,"LULO BANK S.A., la cual podrá usar o no las expresiones sociedad anónima o la sigla S.A. (en adelante el BANCO).",Carrera 7 No. 71-52 Piso 19 Torre B.,BOGOTÁ D.C.,9013834749,Presidente,SANTIAGO COVELLI OLAYA,contacto@lulobank.com,Pendiente
1,67,"BANCO UNIÓN S.A. (en adelante el Banco o la Sociedad) igualmente, podrá utilizar para efectos publicitarios indistintamente el nombre de Banco Union.",Calle 4 No. 27-52 Barrio San Fernando,CALI,8600067979,Presidente,JUAN PABLO CRUZ LÓPEZ,notificacionesjudiciales@girosyfinanzas,Pendiente
1,68,BANCO CONTACTAR S.A. y podrá utilizar la sigla BANCO CONTACTAR,Carrera 6 No. 22 -90,PASTO,9017025833,Presidente,PAULO EMILIO RIVAS ORTÍZ,juridicanotificaciones@bancocontactar.co,Pendiente
2,11,"CORPORACIÓN FINANCIERA COLOMBIANA S.A., pudiendo utilizar las siglas CORFICOLOMBIANA S.A., CORFICOL S.A. o CORFI S.A.","Carrera 13 No. 26 - 45 Pisos 3, 7 y 8",BOGOTÁ D.C.,8903006536,Presidente,ANA MILENA LÓPEZ ROCHA,servicioalclientecorficolombiana@corfico,www.corficolombiana.com
2,37,"BANCA DE INVERSIÓN BANCOLOMBIA S.A. CORPORACIÓN FINANCIERA, que podrá girar bajo la sigla BANCA DE INVERSIÓN BANCOLOMBIA CORPORACIÓN FINANCIERA",Carrera 48 No. 26-85 Torre Sur Piso 10 Sector E,MEDELLIN,8002354265,Presidente,LUIS IGNACIO GOMEZ MONCADA,gciari@bancolombia.com.co,www.bancolombia.com.co
2,48,"CORPORACIÓN FINANCIERA GNB SUDAMERIS S.A., la cual podrá usar la abreviación o sigla CORFI GNB SUDAMERIS",Carrera 7 No. 75-85 Piso 6,BOGOTÁ D.C.,9011209053,Gerente General,JAIME CORTÉS RIVERA,jecortes@gnbsudameris.com.co,Pendiente
2,49,CORPORACIÓN FINANCIERA DAVIVIENDA S.A.,Avenida El Dorado 68C - 61 Piso 9,BOGOTÁ D.C.,9013235654,Presidente,ELIZABETH CRISTINA URIBE PARDO,Pendiente,Pendiente
2,50,CREDICORP CAPITAL CORPORACION FINANCIERA S.A.,Calle 34 No. 6 - 65,BOGOTÁ D.C.,9016117971,Presidente Ejecutivo,ANDRES EDUARDO VENEGAS RAMIREZ,notificacionesjuridica@credicorpcapital.,Pendiente
507,58,QUANTFURY TRADING LIMITED,Pendiente,Pendiente,0,Pendiente,Pendiente Pendiente,Pendiente,Pendiente
111,12,ITAÚ (PANAMÁ) S.A. y podrá utilizar la sigla: ITAÚ,"Carrera 7 No. 99-53, Torre 2, Piso 6",BOGOTÁ D.C.,8300972240,"Representante para Colombia (Sin perjuicio de lo dispuesto en el artículo 164 del Código de Comercio, con información radicada con el número 2025009461-000 del día 23 de enero de 2025 que con documento del 12 de diciembre de 2024 renunció al cargo de Representante para Colombia y fue aceptada por la Junta Directiva Acta No.168 del 12 de diciembre de 2024.  Lo anterior de conformidad con los efectos establecidos por la Sentencia C-621 de julio 29 de 2003 de la Constitucional).",DIANA KATERYNE ARANGUREN PARDO,natalia.rojas@itau.com.pa,Pendiente
93,63,EL FONDO MUTUO DE INVERSION CAMARA DE COMERCIO DE MEDELLIN que en adelante se llamará FONCCOMED,CRA 46 NO. 52 - 82  PISO 1,MEDELLIN,8000981040,Gerente,FREDY OSWALDO HINCAPIÉ CIFUENTES,fredy.hincapie@camaramedellin.com.co,www.camaramedellin.com.co
20,204,BANCO DE CRÉDITO E INVERSIONES,Calle 93 No. 14-71 oficina 402,BOGOTÁ D.C.,9005878300,Representante Legal Principal para Colombia,ROBERTO SALVADOR OLIVIERI SANGIACOMO DIEGO,sribero@bcicolombia.com,Pendiente
32,2,"JFK COOPERATIVA FINANCIERA, establecimiento de crédito, en los términos establecidos por las normas legales vigentes. Para todos los efectos, se denominará JFK COOPERATIVA FINANCIERA.",Carrera 51 No. 43-24,MEDELLIN,8909074890,Gerente General,VICTOR HUGO ROMERO CORREA,gerencia@jfk.com.co,Pendiente
507,29,BG VALORES S.A.,Carrera 11 A No. 93 - 67 oficina 403,BOGOTÁ D.C.,9009857940,Representante para Colombia,CAMILO JERÓNIMO MAURICIO SOTO ARGÁEZ,Pendiente,Pendiente
111,8,BANCO DAVIVIENDA (PANAMÁ) S.A. y el cambio de su nombre comercial por el de DAVIVIENDA,Calle 28 No. 13 A - 15 Piso 26,BOGOTÁ D.C.,8605108960,Representante para Colombia,José Mauricio Gómez Sanchez,magomez@davivienda.com,Pendiente
1,66,"Banco BTG Pactual (Colombia) S.A. y podrá utilizar las siglas Banco BTG Pactual Colombia, Banco BTG Pactual (Colombia) y/o BTG Pactual (en adelante el Banco)",Carrera 43 A No. 1-50 Torre 2 Piso 10,MEDELLIN,9014915510,Gerente Principal (Presidente),JUAN RAFAEL PÉREZ VÉLEZ,sh-legal-colombia@btgpactual.com,Pendiente
85,68,GLOBAL SECURITIES S.A. COMISIONISTA DE BOLSA,CALLE 7 SUR NO 42 70 OF 215 TO 2,MEDELLIN,8001896042,"Presidente -(Sin perjuicio de lo dispuesto en el artículo 164 del Código de Comercio, con información radicada con el número 2025016311-000  del día 4 de febrero de 2025 que con documento del 4 de febrero de 2025 renunció al cargo de Presidente fue aceptada por la Junta Directiva Acta No. 459 del 4 de febrero de 2025.  Lo anterior de conformidad con los efectos establecidos por la Sentencia C-621 de julio 29 de 2003 de la Constitucional)",JUAN PABLO AMOROCHO GUTIÉRREZ,juridica@globalcdb.com,Pendiente
4,26,"COMPAÑÍA DE FINANCIAMIENTO TUYA S.A., que podrá girar bajo las siglas TUYA S.A. o TUYA o TU-YA S.A. o TU-YA o TÚ-YA S.A. o TÚ-YA",Calle 4 Sur No.43 A-109 Torre Tuya Tercer Piso,MEDELLIN,8600323303,Presidente,CARLOS IVAN VILLEGAS RODRIGUEZ,info@sufinanciamiento.com.co,www.tuya.com.co
4,31,GM FINANCIAL COLOMBIA S.A. COMPAÑÍA DE FINANCIAMIENTO,Calle 98 No. 22-64 Piso 9,BOGOTÁ D.C.,8600293968,Gerente General,SANTIAGO BORDA CLOPATOFSKY,contacto.cliente@gmacfs.com,www.chevroletfs.com.co
4,46,COLTEFINANCIERA S.A. COMPAÑÍA DE FINANCIAMIENTO,Calle 7 D No. 43 C- 161 Piso 6,MEDELLIN,8909270349,Presidente,GILDA ESTHER PABÓN  GUDIÑO,info@coltefinanciera.com.co,www.coltefinanciera.com.co
4,108,"IRIS CF - COMPAÑÍA DE FINANCIAMIENTO S.A. es la denominación de la sociedad, pudiendo utilizar la designación abreviada IRIS CF",Carrera 43A No. 7 - 50 A piso 17 Torre Financiera Dann,MEDELLIN,8110077294,Presidente,ALEJANDRO VERSWYVEL GUTIERREZ,cfc@dannregional.com.co,www.dannregional.com.co
4,117,"CREDIFAMILIA COMPAÑÍA DE FINANCIAMIENTO S.A., pudiendo utilizar la sigla CREDIFAMILIA",Carrera 7 No. 73-47 Piso 5 Edificio ION,BOGOTÁ D.C.,9004064721,Presidente,LUIS EDUARDO CUELLAR PULIDO,notificaciones.judiciales@credifamilia.c,facturacion.electonica@credifamilia.com
4,118,"Crezcamos S.A. Compañía de Financiamiento, pudiendo utilizar las siglas CREZCAMOS (en lo sucesivo, la Sociedad).",Carrera 23 No. 28 - 27,BUCARAMANGA,9005157597,Presidente,JAIDER MAURICIO OSORIO SÁNCHEZ,correspondencia@crezcamos.com,Pendiente
4,120,"LA HIPOTECARIA COMPAÑÍA DE FINANCIAMIENTO S.A., pudiendo utilizar la sigla LA HIPOTECARIA (en adelante la Sociedad).","Avenida Calle 26 No. 85 B- 09, Primer Piso",BOGOTÁ D.C.,9006289306,Gerente General,LUIS FERNANDO GUZMÁN ORTIZ,boduber@lahipotecaria.com,Pendiente
4,121,FINANCIERA JURISCOOP S.A. COMPAÑÍA DE FINANCIAMIENTO y en sus relaciones comerciales podrá identificarse como FINANCIERA JURISCOOP C.F.,Av. Calle 26 No. 69D 91 Torre Av. Eldorado Piso 10,BOGOTÁ D.C.,9006880663,Presidente,LUIS ALFONSO VERA OSORIO,Pendiente,Pendiente
4,122,RCI COLOMBIA S.A. COMPAÑÍA DE FINANCIAMIENTO (la Compañía),Carrera 48 No. 32 B Sur 139 Of.409,ENVIGADO,9009776291,Gerente General,JEAN-PHILIPPE JACQUES MAURICE VALLEE,juliana.uribe@rcibanque,Pendiente
111,28,BANCO ITAÚ INTERNATIONAL,Pendiente,Pendiente,0,Representante Legal Principal para Colombia,ALEJANDRO MIGUEL SANTOS,Pendiente,Pendiente
14,36,ANDINA COMPAÑÍA DE SEGUROS DE VIDA S.A. y también podrá ser denominada bajo la sigla ANDINA VIDA SEGUROS (la Sociedad),Calle 67 No. 7-35 Pios 9 Oficina 909 y 910,BOGOTÁ D.C.,9018803513,"Presidente (Sin perjuicio de lo dispuesto en el artículo 164 del Código de Comercio, con información radicada con el número 2025012608-000  del día 29 de enero de 2025, que con documento del 7 de enero de 2025 renunció al cargo de Presidente y fue aceptada por la Junta Directiva Acta No. 01 del 10 de enero de 2025.  Lo anterior de conformidad con los efectos establecidos por la Sentencia C-621 de julio 29 de 2003 de la Constitucional)",CHRISTIAN HENRY MORA APONTE,Servicioalcliente@andinavidaseguros.com.,notificacionesjudiciales@andinavidasegur
22,1,BANCO DE COMERCIO EXTERIOR DE COLOMBIA S.A. y podrá también usar la sigla BANCOLDEX,Calle 28 No. 13A-15 Pisos 38 al 42,BOGOTÁ D.C.,8001499236,Pendiente,Pendiente Pendiente,bancoldex@bancoldex.com,www.bancoldex.com
4,123,BANCAR TECNOLOGÍA CO S.A. COMPAÑÍA DE FINANCIAMIENTO,Carrera 7 No. 116-50 Oficina 4-134,BOGOTÁ D.C.,9015023015,Presidente,NATALIA RIOS LONDOÑO,legales.co@ua.la,Pendiente
13,44,CARDIF COLOMBIA SEGUROS GENERALES S.A.,Carrera 7 No. 75 - 66,BOGOTÁ D.C.,9002004353,Presidente,ÉDGAR HUMBERTO GÓMEZ QUIÑONEZ,presidencia@cardif.com.co,www.cardif.com.co
4,124,"RAPPIPAY COMPAÑÍA DE FINANCIAMIENTO S.A., (la Sociedad). La sociedad podrá utilizar la sigla RappiPay.",Calle 93 No. 19-75,BOGOTÁ D.C.,9015267416,Presidente,IGNACIO JOSÉ GIRALDO ARDILA,notifica.rappipaycf@rappi.com,Pendiente
4,126,"MERCADOPAGO S.A. Compañía de Financiamiento, pudiendo identificarse bajo las siglas MERCADOPAGO S.A. Compañía de Financiamiento (en adelante la Sociedad)",Carrera 17 No. 93-09 Piso 3,BOGOTÁ D.C.,9014497409,Presidente,IVÁN ANDRÉS MONCADA ARISTIZABAL,notijudicialcf@mercadopago.com,Pendiente
4,127,"Bold CF Compañía de Financiamiento S.A. (en adelante se denominará la Compañía) y podrá utilizar cualquiera de las siguientes siglas Bold C.F., Bold CF S.A., o Bold. CF",Calle 93 A No. 10-57 Oficina 604,BOGOTÁ D.C.,9015223493,Gerente General,JOSÉ FERNANDO VELEZ ARCINIEGAS,legalcf@boldcf.co,Pendiente
4,128,"NU. COLOMBIA COMPAÑÍA DE FINANCIAMIENTO S.A.,pudiendo identificarse bajo las siglas NU. o NU. Financiera (en adelante la Sociedad o NU. Financiera)",Carrera 11 No. 79 - 66 Piso 2,BOGOTÁ D.C.,9016581072,Gerente General,MARCELA TORRES CÓRDOBA,notificaciones-sfc@nucf.com.co,Pendiente
5,3,"BBVA ASSET MANAGEMENT S.A. Sociedad Fiduciaria, pudiendo utilizar indistintamente, para todos los efectos legales, el nombre de BBVA ASSET MANAGEMENT o BBVA Fiduciaria",Carrera 9 No. 72-21 Piso 9,BOGOTÁ D.C.,8600486085,Gerente General,JOSE MAURICIO WANDURRAGA BARON,fideicomisos@bbvafiduciaria.com,Pendiente
5,6,FIDUCIARIA CAJA SOCIAL S.A.,Calle 72 # 10-71 Piso 3,BOGOTÁ D.C.,8605014486,Presidente,LUZ MARIA ALVAREZ ECHAVARRIA,fidcol.sistemas@fundacion-social.com.co,www.colmena-fiduciaria.com.co
5,7,"SKANDIA SOCIEDAD FIDUCIARIA S.A., pudiendo en el desarrollo de su objeto social utilizar la sigla SKANDIA FIDUCIARIA S.A.",Avenida 19 No. 109 A 30,BOGOTÁ D.C.,8600589566,Presidente,CAROLINA NIETO MURILLO,notificacionestramites@skandia.com.co,Pendiente
5,16,ALIANZA FIDUCIARIA S.A.,Carrera 15 No. 82-99 Piso 3,BOGOTÁ D.C.,8605313153,Presidente,GUSTAVO ADOLFO MARTÍNEZ GARCÍA,FALIANZA@colomsat.net.co,www.alianza.com.co
5,21,FIDUCIARIA DE OCCIDENTE S.A.  - FIDUOCCIDENTE S.A.,Carrera 13 No. 27-47 Piso 9,BOGOTÁ D.C.,8001431573,Presidente,MARIO ANDRES ESTUPIÑAN ALVARADO,apinzon@fiduoccidente.com.co,www.fiduoccidente.com.co
5,22,FIDUCIARIA BOGOTÁ S.A.,Calle 67 No. 7-37 Tercer Piso Edificio Plaza 67,BOGOTÁ D.C.,8001423837,Presidente,Buenaventura  Osorio Martinez,Pendiente,Pendiente
5,23,"ITAÚ FIDUCIARIA COLOMBIA S.A. SOCIEDAD FIDUCIARIA, pudiendo utilizar el nombre comercial de Itaú Fiduciaria",Carrera 7 No. 99 - 53 Piso 14,BOGOTÁ D.C.,8001410211,Gerente General,GUILLERMO MARIO ACUÑA MONTES,cmorales@bancodecredito.com.co,www.grupohelm.com.co
5,24,CITITRUST COLOMBIA S.A. SOCIEDAD FIDUCIARIASigla: CITITRUST,Carrera  9 No. 99-02 Piso 1,BOGOTÁ D.C.,8001468148,Presidente,JUAN MANUEL ESCRUCERIA LUNA,ernesto.sarria@citicorp.com,www.citibank.com.co
5,25,"Fiduciaria Scotiabank Colpatria S.A.  y podrá utilizar cualquiera de los siguientes nombres abreviados o siglas: Scotiabank Fiduciaria Colpatria, Colpatria Scotiabank Fiduciaria, Fiduciaria Scotiabank Colpatria, Scotia Trust Colpatria, Scotiabank Colpatria Trust, Colpatria Scotiabank Trust.",Carrera 7 No.24-89 Torre Colpatria Piso 21,BOGOTÁ D.C.,8001444676,Gerente General,PAOLA SOFÍA HERNÁNDEZ ANAYA,castilc@colpatria.com,www.colpatria.com
5,33,ACCIÓN SOCIEDAD FIDUCIARIA S.A. ó simplemente ACCIÓN FIDUCIARIA para todos los efectos legales podrá utilizar la sigla ACCION FIDUCIARIA,Calle 85 No. 9 -65,BOGOTÁ D.C.,8001554136,Presidente encargada,CAROLYN MARY MONDRAGON ROJAS,notijudicial@accion.com.co,Pendiente
5,34,"SERVITRUST GNB SUDAMERIS S.A., sigla SERVITRUST GNB SUDAMERIS S.A., así mismo podrá  utilizar el nombre de SERVITRUST GNB SUDAMERIS seguido o no de las expresiones anónima o la sigla S.A.",Carrera 7 No. 75-85/87 Piso 10,BOGOTÁ D.C.,8001687635,Gerente General,VIVIAN JOHANA REYNA ABRIL,servitrust@gnbsudameris.com.co,www.fiduciaria.gnbsudameris.com.co
5,38,FIDUCIARIA CENTRAL S.A. y podrá utilizar la sigla FIDUCENTRAL S.A.,Avenida El Dorado No. 69A-51 Interior 3 Piso 3,BOGOTÁ D.C.,8001713721,Presidente,ANDRÉ KURT SCHOBER MAYA,fcentral@impsat.net.co,www.fiducentral.com
5,40,FIDUCIARIA COLOMBIANA DE COMERCIO EXTERIOR S.A y podrá también utilizar la sigla   FIDUCOLDEX,Calle 28 No. 13 A-24 Piso 6 y 7,BOGOTÁ D.C.,8001781488,Presidente,ANDRÉS RAUL GUZMÁN TORO,fiducoldex@fiducoldex.com.co,www.fiducoldex.com.co
5,42,FIDUCIARIA DAVIVIENDA S.A. pudiendo utilizar la sigla FIDUDAVIVIENDA S.A.,Avenida El dorado No. 68 B 85 Piso 2,BOGOTÁ D.C.,8001822815,Presidente,KAROL WENDY  AVENDAÑO DICELIS,fidudavivienda.notificacionesjudiciales@,www.davivenda.com
5,58,FIDUCIARIA SURA S.A.,"Carrera 43A No. 3 - 101, Piso 2",MEDELLIN,9003223398,Gerente General,ESTEBAN LÓPEZ VARGAS,notificacioneslegales.fiduciaria@surainv,Pendiente
5,59,CREDICORP CAPITAL FIDUCIARIA S.A.,Calle 34 No. 6 - 61 Piso 2,BOGOTÁ D.C.,9005204847,Presidente,ERNESTO VILLAMIZAR MALLARINO,notificacionesjuridica@credicorpcapital.,Pendiente
5,61,BTG PACTUAL SOCIEDAD FIDUCIARIA S.A. y podrá usar la sigla BTG PACTUAL FIDUCIARIA tambien podrá denominarse BTG PACTUAL SF.,"Carrera 43 A No. 1-50, San Fernando Plaza, Torre 2 Piso 12",MEDELLIN,9007951724,Representante Legal,CAMILO ARISTIZABAL VELEZ,SH-Legal-Colombia@btgpactual.com,Pendiente
5,62,FIDUCIARIA COOMEVA S.A. no obstante en sus relaciones comerciales podrá identificarse como FIDUCOOMEVA S.A. o utilizar la sigla FIDUCOOMEVA,"Carrera 100 No. 11-60 -Local 250 Holguines Trade Center, Piso 2o.",CALI,9009783039,Gerente General,LEONARDO FABIO RAMIREZ MORALES,fiducoomeva@coomeva.com.co,Pendiente
5,63,"RENTA 4 GLOBAL FIDUCIARIA S.A., pudiendo utilizar la sigla RENTA4G FIDUCIARIA, R4G FIDUCIARIA R4GLOBAL FIDUCIARIA o RENTA4 & GLOBAL FIDUCIARIA",Carrera 9 N° 78 - 15,BOGOTÁ D.C.,9009994456,Presidente,GILI SUAREZ JUAN,Pendiente,Pendiente
5,64,"S3 CACEIS COLOMBIA S.A. SOCIEDAD FIDUCIARIA (en adelante para los efectos de los presentes estatutos la Fiduciaria), pudiendo identificar sus oficinas, productos o servicios con el nombre comercial de S3 CACEIS",Calle 93 A No. 13-24 Oficina 301,BOGOTÁ D.C.,9011087651,Presidente Ejecutivo,MARÍA SUSANA MONTERO PINILLA,spulido@santander.com.co,Pendiente
5,65,ASHMORE INVESTMENT ADVISORS S.A. SOCIEDAD FIDUCIARIA,Carrera 7 No. 75-66 Piso 7,BOGOTÁ D.C.,9012806244,Gerente General,FELIPE GÓMEZ BRIDGE,riesgooperativosfc@ashmoregroup.com.co,Pendiente
6,5,ALMACENES GENERALES DE DEPOSITO ALMAVIVA S.A.,Carrera 7 No. 71 - 21 Edificio Avenida Chile Torre B oficina 201 A,BOGOTÁ D.C.,8600021538,Presidente encargado,CAMILO CORTÉS DUARTE,notificaciones@almaviva.com.co,Pendiente
6,6,ALPOPULAR  ALMACÉN GENERAL DE DEPÓSITOS S.A. quien podrá utilizar su denominación social completa o únicamente el nombre de ALPOPULAR S.A.,"Carrera 69 No.25B-44, Edificio World Business Port WBP, Oficina 510",BOGOTÁ D.C.,8600203824,Gerente General,MARIO NELSON VALBUENA RUIZ,servicios@alpopular.com.co,www.alpopular.com.co
6,12,ALMACENES GENERALES DE DEPOSITO DE CAFÉ S.A. ALMACAFE,Calle 73 No. 8-13 Torre B Piso 6 Edificio Federación Nacional de Cafeteros,BOGOTÁ D.C.,8600109734,Gerente General,IVAN ANDRÉS GALINDO HERNÁNDEZ,octavio.castilla@almacafe.com.co,Pendiente
10,2,CAPITALIZADORA BOLIVAR S.A.,Avenida El dorado No. 68 B 31 Piso 10,BOGOTÁ D.C.,8600063596,Presidente,ÁLVARO ALBERTO CARRILLO BUITRAGO,companiadesegurosbolivar@com.co,www.segurosbolivar.com
10,3,"CAPITALIZADORA COLMENA S.A., pero podrá actuar también bajo el nombre de COLMENA CAPITALIZADORA y podrá utilizar la expresión COLMENA como parte de su denominación.","Avenida El Dorado No. 69C-03 Piso 6, Torre A, Capital Center II",BOGOTÁ D.C.,8903003832,Presidente,Andrés David Mendoza Ochoa,andres_prieto@fundacion-social.com.co,www.capitalizadoracolmena.com
11,13,PROSEGUROS CORREDORES DE SEGUROS S.A.Sigla: PROSEGUROS S.A.,"Avenida Carrera 45 No.102-10, Piso 6",BOGOTÁ D.C.,8600248586,Presidente,NATALIA MILENA TORRES GÓMEZ,jairo.rojas@howdengroup.com,www.proseguros.com.co
11,31,ARESS CORREDORES DE SEGUROS S.A.,Calle 52 No. 47 - 42 Edificio Coltejer Piso 20,MEDELLIN,8909060252,Gerente,LUIS GUILLERMO BETANCUR  VERGARA,aress@aress.com.co,Pendiente
11,52,CARPENTER MARSH FAC COLOMBIA CORREDORES DE REASEGUROS S.A,"Avenida  El  Dorado  No.  69b-45,  Piso  9,  Edificio  Bogotá  Corporate  Center",BOGOTÁ D.C.,8600523309,Representante Legal,ZULMA CRISTINA SUÁREZ OLARTE,Oscar.Pinilla@marsh.com,Pendiente
11,55,REASESORES S.A. CORREDORES DE REASEGUROS,Carrera 14 No. 86A-48   A.A. 57085,BOGOTÁ D.C.,8600691955,Presidente,CAMILO SAMPER GÓMEZ,reacale@coldecon.net.co,Pendiente
11,56,AON RISK SERVICES COLOMBIA S.A. CORREDORES DE SEGUROSSigla: AON COLOMBIA S.A. CORREDORES DE SEGUROS,"Carrera 11 No. 86-35/53 Pisos 1, 4, 8 y 9",BOGOTÁ D.C.,8600692652,Presidente,MAURICIO ACOSTA VALDERRAMA,Jose.luis.plana@aon.com,Pendiente
11,59,VML. S.A. CORREDORES DE SEGUROS,Calle 121 No. 14 A - 23,BOGOTÁ D.C.,8902069071,Presidente,NATHALIA  LOPEZ BERNAL,notificaciones@vmicorredores.com,Pendiente
11,70,CORREDORES DE SEGUROS ASOCIADOS S.A.,Carrera 16 Bis No. 11-137 Pinares de San Martin,PEREIRA,8914107712,Gerente,LUZ ELENA LONDOÑO BERNAL,infocorreseguros@gmail.com,Pendiente
11,71,HOWDEN CORREDORES DE SEGUROS S.A.,"Avenida Carrera 45 No.102-10, Piso 6",BOGOTÁ D.C.,8600230531,Presidente Ejecutivo,MARÍA JULIANA TOBÓN PEÑA,scliente@hyperion.com,www.wacolda.com
11,75,GARCES LLOREDA Y CIA S.A.,Calle 70 Norte No. 3N-45,CALI,8903185322,Gerente,ANA LUCÍA PAZ TENORIO,alpaca@garceslloreda.com,Pendiente
11,80,CORREDORES DE SEGUROS DEL VALLE S.A.,Avenida 3 Norte No. 32N-05,CALI,8903000401,Gerente General,MARIELA FRANCO DE DUQUE,seguros@correvalle.com,Pendiente
11,100,ANPRO CORREDORES DE SEGUROS S.A.,Carrera 48 A No. 16 Sur 86 Piso 12 Ed.Plex Corporativo,MEDELLIN,8000572186,Gerente,GERONIMO BARRENECHE RENAUD,institucionalanpro@anpro.com.co,Pendiente
11,101,SANTIAGO VELEZ & ASOCIADOS CORREDORES DESEGUROS S.A.,Carrera 16A No 78-11 Oficina 202 Edificio Oikos II,BOGOTÁ D.C.,8000636065,Gerente,LUIS FERNANDO VÉLEZ ZULUAGA,geradm@sanvelez.com,Pendiente
11,103,"J A JARAMILLO S.A. CORREDORES DE REASEGUROS, sigla JARAMILLORE, CORREDORES DE REASEGUROS",Carrera 11A No. 93-67  Oficina 203,BOGOTÁ D.C.,8001392931,Presidente,JORGE ALBERTO JARAMILLO SÁNCHEZ,brokers@jaramillore.com,Pendiente
11,104,GUY CARPENTER COLOMBIA CORREDORES DE REASEGUROS LTDA.Igualmente podra usar la expresion GUY CARPENTER COLOMBIA,Avenida Dorado No. 69 B 45 Piso 9,BOGOTÁ D.C.,8001470383,Gerente General,DANIEL MAURICIO PARRA FERRO,Gccolombia@guycarp.com,www.guycarp.com
11,105,"AON REINSURANCE COLOMBIA LIMITADA CORREDORES DE REASEGUROS, pero podrá girar bajo la expresión AON REINSURANCE COLOMBIA LIMITADA.",Carrera 11 No. 86 - 53 Piso 1 Of. 101,BOGOTÁ D.C.,8001498166,Representante Legal,CAMILO ALBERTO RUÍZ CORTÉS,servicio.al.cliente.colombia.rein.sol@ao,Pendiente
11,111,"ITAÚ CORREDOR DE SEGUROS COLOMBIA S.A., podra utilizar el nombre comercial: ITAÚ CORREDOR DE SEGUROS",Carrera 11 No. 82 - 01 Piso 3,BOGOTÁ D.C.,8605266601,Gerente General,ERNESTO SIERRA PIRA,correspondencia@segurcol.com,www.segurcol.com
11,112,ARTHUR J GALLAGHER CORREDORES DE SEGUROS S.A.,Avenida Carrera 19 No. 120- 71 ofc 513,BOGOTÁ D.C.,8001539905,Presidente,MARCEL SAFFON TAVERA,fabian_moreno@ajg.com,www.ajg.com/co
11,125,AVIA CORREDORES DE SEGUROS S.A.,Calle 20 No. 4-55 piso 3,BOGOTÁ D.C.,8600567847,Gerente,RODRIGO  GALVIS LOPEZ,rodrigo.galvis@aviacorredoresdeseguros.c,Pendiente
11,128,LOCKTON SEKURITAS S A CORREDORES DE SEGUROS,Carrera  11 No. 86-60 Oficina 403,BOGOTÁ D.C.,8600278289,Presidente,PABLO STIEFKEN HOLLMANN,sekuritas@sekuritas.com.co,Pendiente
11,129,COLAMSEG CORREDORES DE SEGUROS S.A.,Carrera 11 No. 73-44 Oficina 808,BOGOTÁ D.C.,8600487836,Gerente,MARTHA LILIANA MORALES RIVEROS,colamseg@colamseg.com,Pendiente
11,134,ARTHUR J. GALLAGHER RE COLOMBIA LTDA. CORREDORES DE REASEGUROS,Avenida Carrera 19 No. 120 - 71 oficina 512,BOGOTÁ D.C.,8300103854,Presidente,ADOLFO URDANETA GUTIERREZ,fabian_moreno@ajg.com,Pendiente
11,136,"CORRECOL, CORREDORES COLOMBIANOS DE SEGUROS, CORREDORES DE SEGUROS S.A. Sigla: CORRECOL",Calle 93A No. 11-36 Piso 4,BOGOTÁ D.C.,8300180041,Presidente Ejecutivo,ENRIQUE ACEVEDO SCHWABE,sistemas@correcol.com,www.correcol.com
11,145,UIB Colombia S.A. Corredores de Reaseguros,Carrera 7 No. 71-21 Torre B. Oficina 601,BOGOTÁ D.C.,8300434926,Representante Legal,CARLOS ANDRES GUTIERREZ NOSSA,lambert.Fenchurch@lambertf.com.co,www.lambertf.com.co
11,149,JARGU S.A. CORREDORES DE SEGUROS,Carrera 19 B No. 83-02 oficina 602,BOGOTÁ D.C.,8000181658,Gerente,JUAN CARLOS ÁLVAREZ JARAMILLO,jargu@jargu.com,Pendiente
11,151,WILLIS TOWERS WATSON COLOMBIA CORREDORES DE REASEGUROS S.A.,"Avenida 19 No. 95-20 Piso 24, Edificio Torre Sigma",BOGOTÁ D.C.,8301311531,Presidente,JORGE ALBERTO AVILA VENEGAS,Jorge.avila@wtwco.com,Pendiente
11,153,HOWDEN RE CORREDORES DE REASEGUROS S.A.,"Avenida Carrera 45 No.102-10, Piso 6",BOGOTÁ D.C.,9001658689,Presidente,JOSÉ MIGUEL JIMÉNEZ ORTEGÓN,laura.calvo@howdengroup.com,Pendiente
11,155,COOMEVA CORREDORES DE SEGUROS S.A.,Calle 13 No. 57 - 08,CALI,9003671641,Gerente,EDWIN JAVIER DIAZ RANGEL,esteban_madero@coomeva.com.co,Pendiente
11,156,GONSEGUROS CORREDORES DE SEGUROS S.A.,Calle 13 No. 101 - 71,CALI,8050038017,Gerente,CLAUDIA LILIANA GONGORA RODRÍGUEZ,clgongora@gonseguros.com.co,Pendiente
11,158,BRS INTERNATIONAL LATAM CORREDORES DE REASEGUROS LTDA,Carrera 9 No. 77-67 Of.1001,BOGOTÁ D.C.,9008903694,Presidente,Dario Rodolfo Pacanchique Moreno,pacanchique@brsint.com,Pendiente
11,159,PACIFIC RE CORREDORES DE REASEGUROS S.A. pero también podrá actuar con las siglas PACIFIC RE,Calle 99 # 11B - 66 piso 4 oficina 403 edificio Workzone,BOGOTÁ D.C.,9013800663,Presidente,YOLY AMELIA RENGIFO PEDRIQUE,yoly.rengifo@pacificre.com.co,Pendiente
11,160,ATLANTIC LATAM CORREDORES DE REASEGUROS S.A. pero también podrá actuar con la sigla ATLANTIC LATAM,Calle 76 No 10-28,BOGOTÁ D.C.,9013827867,Representante Legal,LUIS ALEJANDRO FUENTES VARGAS,info@atlanticrebrokers.com,Pendiente
11,161,COGENT ANDINA CORREDORES DE REASEGUROS LTDA,Carrera 11 No. 73-44 Oficina 201,BOGOTÁ D.C.,9015364288,Presidente,JUAN CARLOS PRIETO VÁSQUEZ,info@cogentinternational.co,Pendiente
11,162,"UIB CORREDORES DE SEGUROS S.A., pero podrá utilizar  la sigla UIB CORREDORES DE SEGUROS",Cra 7 # 71-21 Torre B - Oficina 601,BOGOTÁ D.C.,9011374509,Pendiente,Pendiente Pendiente,uib.seguros@uiblatam.com,Pendiente
13,1,ALLIANZ SEGUROS S.A.,Carrera 13A No. 29-24/26 Piso 19,BOGOTÁ D.C.,8600261825,Presidente,MIGUEL ANGEL CÓRDOBA LÓPEZ,Pendiente,www.allianz.co
13,5,CHUBB SEGUROS COLOMBIA S.A.,Carrera 7 No. 71-21 Torre B Piso 7 Edificio Bolsa de Valores,BOGOTÁ D.C.,8600265186,Presidente,FABIO CABRAL DA SILVA,notificacioneslegales.co@chubb.com,Pendiente
13,6,AXA COLPATRIA SEGUROS S.A. en adelante la Sociedad,Carrera 7 No. 24-89 Pisos 4 y 7 (Torre Colpatria),BOGOTÁ D.C.,8600021846,Presidente,ALEXANDRA QUIROGA VELASQUEZ,notificacionesjudiciales@axacolpatria.co,www.colpatria.com
13,7,"NACIONAL DE SEGUROS S.A. COMPAÑÍA DE SEGUROS GENERALES, y podrá utilizar válidamente las siglas NACIONAL DE SEGUROS o NS",Calle 94 No. 11-30 Piso 4,BOGOTÁ D.C.,8600025279,Presidente Ejecutivo,Carlos Arturo Velez Mejia,informacion@nacionaldeseguros.com.co,www.nacionaldeseguros.com.co
13,8,"COMPAÑÍA ASEGURADORA DE FIANZAS S.A. CONFIANZA, pudiendo utilizar la sigla SEGUROS CONFIANZA S.A.",Calle 82 No. 11-37 Piso 7,BOGOTÁ D.C.,8600703749,Presidente,CARLOS EDUARDO LUNA CRUDO,centrodecontacto@confianza.com.co,Pendiente
13,17,COMPAÑÍA MUNDIAL DE SEGUROS S.A. sigla comercial SEGUROS MUNDIAL,Calle 33 No. 6B-24 Pisos 2 y 3,BOGOTÁ D.C.,8600370136,Presidente,JUAN ENRIQUE BUSTAMANTE MOLINA,presidencia@segurosmundial.com.co,www.mundialseguros.com.co
13,18,SEGUROS GENERALES SURAMERICANA S.A. pudiendo emplear la sigla Seguros Generales SURA,Carrera 64B No. 49A-30,MEDELLIN,8909034079,Presidente,JUAN DAVID ESCOBAR FRANCO,solicitudes@suramericana.com.co,www.suramericana.com
13,22,"SBS SEGUROS COLOMBIA S.A., pero podrá usar las siglas SBS SEGUROS o SBS COLOMBIA o SBSEGUROS",Avenida Carrera 9 No. 101 - 67,BOGOTÁ D.C.,8600377079,Presidente,MARTA LUCIA PAVA VÉLEZ,notificaciones.sbseguros@sbseguros.co,notificaciones.sbsegurossbseguros.co
13,24,"La Previsora S.A. Compañía de Seguros, y podrá usar la sigla LA PREVISORA S.A.",Calle 57 No. 9-07,BOGOTÁ D.C.,8600024002,Presidente,RAMON GUILLERMO ANGARITA LAMK,notificacionesactosadministrativos@previ,Pendiente
13,25,SEGUROS ALFA S.A.,Avenida Calle 26 No. 59 - 15 local 6 y 7,BOGOTÁ D.C.,8600319798,Presidente,SANDRA PATRICIA SOLORZANO DAZA,servicioalcliente@segurosalfa.com.co,Pendiente
13,26,MAPFRE SEGUROS GENERALES DE COLOMBIA S.A.Sigla: MAPFRE SEGUROS,Avenida Carrera 70 No. 99-72 CISMAP,BOGOTÁ D.C.,8917000379,Presidente Ejecutivo,RAFAEL PRADO GONZÁLEZ,njudiciales@mapfre.com.com.,www.mapfre.com.co
13,27,SEGUROS COMERCIALES BOLIVAR S.A.,Avenida El dorado No. 68 B 31 Piso 10,BOGOTÁ D.C.,8600021807,Presidente,ÁLVARO ALBERTO CARRILLO BUITRAGO,companiadesegurosbolivar@com.co,www.segurosbolivar.com
13,30,"SEGUREXPO DE COLOMBIA S.A. ASEGURADORA DE CRÉDITO Y DEL COMERCIO EXTERIOR, pudiendo identificarse también con la denominación simple de SEGUREXPO",Calle 72 No. 6-44 Piso  12,BOGOTÁ D.C.,8600091959,Gerente General,JUAN CARLOS RONDÓN AVENDAÑO,segurexpo@cesce.co,www.segurexpo.com
5,31,FIDUCIARIA BANCOLOMBIA S.A. SOCIEDAD FIDUCIARIA FIDUCIARIA BANCOLOMBIA,Carrera 48 No. 26 -85 Av. Los Industriales Torre Sur Piso 6E,MEDELLIN,8001502800,Representante Legal Principal,CARLOS ALBERTO RESTREPO JARAMILLO,notificacijudicial@bancolombia.com.co,Pendiente
13,41,"BBVA SEGUROS COLOMBIA S.A., pudiendo utilizar indistintamente, para todos los efectos legales, el nombre BBVA SEGUROS.",Carrera 7 No. 71-52 Torre A Piso 12,BOGOTÁ D.C.,8002260984,Presidente,MARCO ALEJANDRO ARENAS PRADA,bbvapres@impsat.net.co,www.bbva.com.co
128,2,"PAGOS GDE S.A. (en adelante la Sociedad), pudiendo utilizar en todos sus negocios, actos y contratos la sigla PGDE",Carrera 26 No. 61D - 30 El Campin,BOGOTÁ D.C.,9010774113,Gerente,LUISA FERNANDA CÁRDENAS SÁNCHEZ,sedpe@powwi.co,Pendiente
13,45,JMALUCELLITRAVELERS SEGUROS S.A. (en adelante la COMPAÑÍA ASEGURADORA o la Sociedad) pudiendo utilizar la sigla JMALUCELLITRAVELERS,Calle 98 No. 21 - 50 oficina 901,BOGOTÁ D.C.,9004881513,Presidente Ejecutivo,JOSÉ MIGUEL OTOYA GRUESO,jmtrv@jmtrv.com.co,Pendiente
13,46,COFACE COLOMBIA SEGUROS DE CRÉDITO S.A. (en adelante la COMPAÑÍA ASEGURADORA),"Carrera 11 No. 90-55, Piso 5",BOGOTÁ D.C.,9006796349,Presidente,HATTIEANN ELISKKA GIRALDO DAVILA,recepcion.colombia@coface.com,Pendiente
13,47,"BERKLEY INTERNATIONAL SEGUROS COLOMBIA S.A., pudiendo utilizar la sigla BERKLEY COLOMBIA, BERKLEY COLOMBIA SEGUROS y BERKLEY",Calle 75 No. 5-88 Piso 3,BOGOTÁ D.C.,9008149161,Presidente,MARÍA YOLANDA ARDILA GUARÍN,notificacionesjudiciales@berkley.com.co,Pendiente
13,50,"COLMENA SEGUROS GENERALES S.A., pero también podrá actuar bajo las denominaciones COLMENA SEGUROS GENERALES COLMENA SEGUROS PATRIMONIALES, COLMENA GENERALES, COLMENA PATRIMONIALES, SEGUROS GENERALES COLMENA","Calle 72 No. 10-71 Piso 4,5 y 6",BOGOTÁ D.C.,9015219126,Presidente,Andrés David Mendoza Ochoa,notificaciones@colmenaseguros.com,Pendiente
13,51,EVEREST COMPAÑÍA DE SEGUROS GENERALES COLOMBIA S.A. (la Sociedad)  y trambién podrá ser denominada bajo la sigla EVEREST SEGUROS COLOMBIA,"Carrera 7 No. 71-52, Torre B-Oficina 1001",BOGOTÁ D.C.,9018397513,Presidente,MAURICIO OCAMPO GÓMEZ,officecol@everestglobal.com,Pendiente
14,1,ALLIANZ SEGUROS DE VIDA S.A.,Carrera 13A No. 29-24/26 Piso 19,BOGOTÁ D.C.,8600274041,Presidente,MIGUEL ANGEL CÓRDOBA LÓPEZ,Pendiente,www.allianz.co
507,20,PANTHEON VENTURES (US) LP,"Calle 84 A No. 10-33, Oficina 701, Edificio Torre La Cabrera",BOGOTÁ D.C.,900689650,Representante para Colombia,ANA MARÍA ZARRUK SERRANO,jaime.londono@pantheon.com,Pendiente
14,4,AXA COLPATRIA SEGUROS DE VIDA S.A. en adelante la Sociedad,Carrera 7 No. 24-89 Pisos 4 y 7 (Torre Colpatria),BOGOTÁ D.C.,8600021839,Presidente,ALEXANDRA QUIROGA VELASQUEZ,notificacionesjudiciales@axacolpatria.co,www.colpatria.com
14,7,COMPAÑÍA DE SEGUROS BOLIVAR S.A. también podrá girar bajo la denominación SEGUROS BOLÍVAR S.A..,Avenida El Dorado No. 68B - 31 Piso 10,BOGOTÁ D.C.,8600025032,Presidente,ÁLVARO ALBERTO CARRILLO BUITRAGO,www.companiadesegurosbolivar@com.co,www.segurosbolivar.com
14,8,COMPAÑIA DE SEGUROS DE VIDA AURORA S.A.,Carrera 7 No. 74 - 21 pisos 1 y 3,BOGOTÁ D.C.,8600221375,Presidente,ÁLVARO HERNÁN VÉLEZ MILLÁN,notificacionjudicial@segurosauroa.com,Pendiente
14,9,"SKANDIA COMPAÑÍA DE  SEGUROS DE VIDA S.A., pudiendo en el desarrollo de su objeto social utilizar la sigla SKANDIA SEGUROS DE VIDA S.A.",Avenida 19 No.109a -30,BOGOTÁ D.C.,8600025041,Presidente,SANTIAGO GARCÍA MARTÍNEZ,notificacionestramites@skandia.co,www.skandia.com.co
14,11,SEGUROS DE VIDA SURAMERICANA S.A. pudiendo  emplear la sigla Seguros de Vida SURA,Carrera 64B No. 49A-30,MEDELLIN,8909037905,Presidente,JUAN DAVID ESCOBAR FRANCO,solicitudes@suramericana.com.co,www.suramericana.com.co
14,13,"METLIFE COLOMBIA SEGUROS DE VIDA S.A., pero también podrá actuar con las siglas METLIFE COLOMBIA S.A.",Carrera 7 No. 99 - 54 Piso 5,BOGOTÁ D.C.,8600023985,Presidente,CARLOS EZEQUIEL MITNIK GALANT,secretaria.general@metlife.com.co,Pendiente
14,16,PAN AMERICAN LIFE DE COLOMBIA COMPAÑÍA DE SEGUROS S.A.,Calle 116 No. 23 - 06/28 Piso 7 Edificio Business Center Calle 116,BOGOTÁ D.C.,8600382991,Representante Legal,DIANA ALEJANDRA VARGAS TORRES,mlemus@panamericanlife.com,Pendiente
14,17,SEGUROS DE VIDA ALFA S.A. -VIDALFA S.A.-,Avenida Calle 26 No. 59 -15 local 6 y 7,BOGOTÁ D.C.,8605036173,Presidente,SANDRA PATRICIA SOLORZANO DAZA,servicioalcliente@segurosalfa.com.co,Pendiente
14,20,GLOBAL SEGUROS DE VIDA S.A. la cual podrá identificarse igualmente con la sigla GLOBAL SEGUROS,Carrera 9 No 74-62,BOGOTÁ D.C.,8600021821,Presidente,LUIS FELIPE DAZA FERREIRA,Pendiente,Pendiente
14,23,POSITIVA COMPAÑÍA DE SEGUROS S.A.,Avenida Carrera 45 (autopista norte) No. 94-72,BOGOTÁ D.C.,8600111536,Presidente,JOSÉ LUIS CORREA LÓPEZ,Notificaciones.secretariageneral@positiv,Pendiente
14,25,"COLMENA SEGUROS RIESGOS LABORALES S.A., pudiendo actuar bajo las denominaciones de  RIESGOS LABORALES COLMENA S.A. COMPAÑÍA DE SEGUROS DE VIDA y bajo las siguientes siglas RIESGOS LABORALES COLMENA o ARL COLMENA o COLMENA RIESGOS LABORALES o COLMENA ARL","Calle 26 No. 69C03 Piso 4 Correspondencia  /Calle 72 No. 10 - 71 P. 4,5 y 6",BOGOTÁ D.C.,8002261753,Presidente,Andrés David Mendoza Ochoa,Pendiente,www.colmena-arl.com
129,2,TERRENTA S.A. SOCIEDAD DE FINANCIACION COLABORATIVA,Pendiente,BOGOTÁ D.C.,0,Pendiente,Pendiente Pendiente,Pendiente,Pendiente
14,29,LA EQUIDAD SEGUROS DE VIDA ORGANISMO COOPERATIVO la cual podrá identificarse también con la denominación alternativa LA EQUIDAD SEGUROS DE VIDA,Carrera 9A No. 99-07 Piso 13 Edificio 100 Street Torre Equidad,BOGOTÁ D.C.,8300086861,Presidente Ejecutivo,NÉSTOR RAÚL HERNÁNDEZ OSPINA,Presidencia@laequidadseguros.coop,Pendiente
14,30,MAPFRE COLOMBIA VIDA SEGUROS S.A.,Carrera 14 No. 96 - 34,BOGOTÁ D.C.,8300549046,Presidente Ejecutivo,RAFAEL PRADO GONZÁLEZ,vidacol@mapfre.com.co,www.mapfrevida.com.co
14,31,BMI COLOMBIA COMPAÑÍA DE SEGUROS DE VIDA S.A. (en adelante la BMI COLOMBIA) y podrá utilizar la sigla de BMI COLOMBIA S.A.,Carrera 11 No. 84-09Oficina 903,BOGOTÁ D.C.,9010613867,Presidente,CARLOS ALBERTO SÁNCHEZ RODRÍGUEZ,notificaciones@bmicos.com,Pendiente
11,123,B.F.R. S.A. SOCIEDAD CORREDORA DE SEGUROS,Carrera 9 No. 71-38 Oficina 604,BOGOTÁ D.C.,8002250410,Gerente General,CESARE GIOVANNI ROSSI BUENAVENTURA,gerencia@bfrsa.com,Pendiente
5,20,AVAL FIDUCIARIA S.A. pudiendo utilizar la sigla FIDUAVAL,Carrera 13 No. 26 - 45 Piso 14 Edificio Internacional,BOGOTÁ D.C.,8001408878,Gerente General,OSCAR JAVIER CANTOR HOLGUIN,direccion.impuestos@fiduciariacorficolom,Pendiente
14,26,"BBVA SEGUROS DE VIDA COLOMBIA S.A., pudiendo utilizar indistintamente, para todos los efectos legales, el nombre BBVA SEGUROS DE VIDA",Carrera 7 No. 71-52 Torre A Piso 12,BOGOTÁ D.C.,8002408820,Presidente,MARCO ALEJANDRO ARENAS PRADA,bbvapres@impsat.net.co,www.bbvaseguros.com
13,33,HDI SEGUROS COLOMBIA S.A.,"Calle 72 No. 10-07 y Calle 71 No. 10-08 Pisos 1,6,7 y 8",BOGOTÁ D.C.,8600399880,Presidente,CESAR ALBERTO RODRÍGUEZ SEPULVEDA,atencionalcliente@libertyseguros.co,Pendiente
14,32,"COLMENA SEGUROS DE VIDA S.A., pero también podrá actuar bajo las siguientes denominaciones COLMENA SEGUROS, SEGUROS COLMENA,COLMENA SEGUROS DE VIDA, COLMENA VIDA, SEGUROS DE VIDA COLMENA. La sociedad podrá utilizar la expresión COLMENA como parte de su denominación y/o de sus siglas mientras la compañía haga parte del grupo empresarial liderado por la Fundación Grupo Social.",Calle 72 No. 10-71 Piso 6,BOGOTÁ D.C.,9015287311,Presidente,Andrés David Mendoza Ochoa,notificaciones@colmenaseguros.com,Pendiente
14,34,ASULADO SEGUROS DE VIDA S.A.,"Carrera 43 A No. 3-101, piso 6",MEDELLIN,9016606696,Presidente,PATRICIA RESTREPO GUTIÉRREZ,notificacionesjudiciales@asulado.com.co,Pendiente
14,35,EKG COMPAÑÍA DE SEGUROS DE VIDA S.A. La sociedad utilizará la siglaEKG  ASEGURADORA,Calle 96 No. 13 A 03,BOGOTÁ D.C.,9017160478,Presidente,PEDRO FABIAN FORERO BERNAL,info@ekgseguros.com,Pendiente
15,1,"LA EQUIDAD SEGUROS GENERALES ORGANISMO COOPERATIVO, la cual podrá identificarse también con la denominación alternativa LA EQUIDAD GENERALES",Carrera 9A No. 99-07 Piso 13 Edificio 100 Street Torre Equidad,BOGOTÁ D.C.,8600284155,Presidente Ejecutivo,NÉSTOR RAÚL HERNÁNDEZ OSPINA,Presidencia@laequidadseguros.coop,Pendiente
15,2,ASEGURADORA SOLIDARIA DE COLOMBIA ENTIDAD COOPERATIVA,Calle 100 No. 9 A 45 piso 8 y 12,BOGOTÁ D.C.,8605246546,Presidente Ejecutivo,FRANCISCO ANDRÉS ROJAS AGUIRRE,"notificaciones@solidaria.com.co,",www.solidaria.com.co
20,13,"BANCO DE BOGOTÁ (PANAMÁ), S.A.",Calle 36 No. 7-47  Piso 14,BOGOTÁ D.C.,8605192883,Representante para Colombia,LUISA FERNANDA ARIZA PINZÓN,friano@bancodebogota.com.co,Pendiente
20,26,"MERCANTIL C.A., BANCO UNIVERSAL",Calle 127 No. 70 G-78 Oficina 4000,BOGOTÁ D.C.,8605094443,Representante para Colombia,Miguel Angel Ferro Velasquez,consultores48@gmail.com,Pendiente
20,39,CREDIT AGRICOLE CORPORATE AND INVESTMENT BANK y además adoptar otros dos nombres comerciales CREDIT AGRICOLE CIB y CACIB,Carrera 9 No. 115-06,BOGOTÁ D.C.,9011589065,Representante para Colombia,JUAN CARLOS ALVAREZ BARRIOS,juancarlos.alvarez@ca-cib.com,Pendiente
20,41,BNP Paribas,Carrera 7 No. 77-07 Piso 11 Edificio Torre Siete 77,BOGOTÁ D.C.,8600801358,Representante para Colombia,CARLOS ANDRÉS COBO QUINTERO,Pendiente,www.bnpparibas.com
20,45,BARCLAYS BANK PLC,Carrera  7 No. 71-52  Piso 9  Torre B,BOGOTÁ D.C.,8605060311,Representante para Colombia,LUZ HELENA ADARVE GÓMEZ,luz.adarve@dentons.com,Pendiente
20,52,COMMERZBANK A.G.,Calle 72 No. 7 - 82 Piso 9,BOGOTÁ D.C.,9002958962,Representante para Colombia,HORACIO RAFAEL VIVAS ARGUELLO,horacio.vivas@commerzbank.com,Pendiente
20,66,DEUTSCHE BANK A.G.,Calle 67 No. 7 -35 oficina 1204,BOGOTÁ D.C.,8600444897,Representante Legal para Colombia,CARLOS JOSÉ LLOREDA ORTÍZ,patricia.silva@db.com,www.db.com
20,81,THE BANK OF NEW YORK MELLON,Carrera 11 No. 79-35 Piso 9,BOGOTÁ D.C.,0,Representante Legal Principal para Colombia,GUIDO FONTAN,Michael.kalavritinos@bnymellon.com seba,Pendiente
20,101,"WELLS FARGO BANK, NATIONAL ASSOCIATION",Carrera 11 No. 79-35 Piso 9,BOGOTÁ D.C.,8600685907,Representante para Colombia,THOMAS EDUARDO TUFFY JOAO,thomas.tuffy@wellsfargo.com,Pendiente
20,105,SOCIÉTÉ GÉNÉRALE,Carrera 9 No. 74-08 Oficina 305,BOGOTÁ D.C.,8600799233,Representante para Colombia,JUAN CARLOS ROCHA LIBREROS,juan.rocha@ppulegal.com,Pendiente
20,111,"MUFG BANK, LTD.",Carrera 7 No. 71-21 Torre B Oficina  507,BOGOTÁ D.C.,9003817869,Representante para Colombia,TAKASHI UHATA,hyamashita@ve.muftg.jp,www.bk.mufg.jp/nglish/index.html
20,112,"JPMORGAN CHASE BANK, NATIONAL ASSOCIATION",Carrera 11 No. 84 A- 09 Piso 7,BOGOTÁ D.C.,8600299777,Representante para Colombia,JUAN CARLOS DE YEREGUI  GUILLEN,juan.m.munoz@jpmorgan.com,Pendiente
20,116,MIZUHO BANK LTD.,Carrera 7 No. 74 B - 56 Oficina 301,BOGOTÁ D.C.,8301159285,Representante Legal para Colombia,MARK ALLEN TUTTLE,nikolaus.lerner@mizuhogroup.com,Pendiente
20,120,SUMITOMO MITSUI BANKING CORPORATION,Carrera 11 No. 79 - 52 Oficina  1002,BOGOTÁ D.C.,9003771707,Representante para Colombia,ANDRÉS PAREJA PERDOMO,luisfernando.perdigon@smbcgroup.com,Pendiente
20,138,STANDARD CHARTERED BANK,Carrera 7 No. 71-52 Torre A oficina 702,BOGOTÁ D.C.,8002471549,Representante para Colombia,JOHANNA BLESGRAEFT GÓMEZ,Ana.santana@sc.com,Pendiente
20,165,HELM BANK USA,Carrera 11 No. 82-01 Piso 2,BOGOTÁ D.C.,8300159182,Representante Legal para Colombia,JUAN ANTONIO MONTOYA URICOECHEA,carolinabaquero@helmbankusa.com,www.helmbankusa.com
20,179,UBS AG,Calle 87 No. 10 - 93 oficina 801,BOGOTÁ D.C.,8300521826,Representane Legal Principal para Colombia,ALBERTO ANTONIO PIEDRAHITA CORDOBA,bogotarepoff@ubs.com /Sandra.delgado@ubs,Pendiente
20,182,BANCO GENERAL S.A.,Carrera 11A  No.93-67 Oficina 403,BOGOTÁ D.C.,9000027904,Representante Legal para Colombia,JULIANA LÓPEZ HINCAPIE,julopez@bgeneral.com,Pendiente
20,189,EFG BANK AG,Carrera 7 No. 71-21 Torre B. Oficina 506 Edificio Bancafé,BOGOTÁ D.C.,9000922306,Representante para Colombia,JUAN CARLOS GOMEZ CANALES,felipe.valbuena@efgbank.com,Pendiente
20,190,HSBC BANK USA N.A.,Carrera 7 No.75- 66  oficina 402,BOGOTÁ D.C.,9001143142,Representante  para Colombia,ANDRÉS URIBE ARANGO,andres.uribe@hsbc.com.co,Pendiente
20,193,CREDICORP BANK S.A.,Carrera 7 No. 80-49 oficina 505 Edificio Centro de Negocios El Nogal,BOGOTÁ D.C.,9001298568,Representante Legal para Colombia,ANA CRISTINA CASTILLO GARCÍA DE CARRILLO,blatorraca@credicorpbank.com,Pendiente
20,195,"OFICINA DE REPRESENTACIÓN DEL BANCO LAFISE BANCENTRO S.A. DE NICARAGUA, DEL BANCO LAFISE S.A. DE COSTA RICA Y DEL BANCO LAFISE PANAMÁ S.A. DE PANAMÁ EN COLOMBIA",Carrera 9 No.115-06/ Piso 17 Edificio Tierra Firme,BOGOTÁ D.C.,9003890012,Representante Legal para Colombia,MAURICIO JAVIER HERDOCIA ICAZA,gvillamizar@lafise.com,Pendiente
20,198,BANCO LATINOAMERICANO DE COMERCIO EXTERIOR S.A. BLADEX,Calle 84 A No. 9-65 Of. 202 Edificio Savile,BOGOTÁ D.C.,9004458713,Representante Principal para Colombia,JORGE ENRIQUE PAREJA PERDOMO,gcolombia@bladex.com,Pendiente
20,200,BANK OF AMERICA NATIONAL ASSOCIATION,Carrera 11 No. 79 - 52 Piso 9,BOGOTÁ D.C.,0,Representante para Colombia,ROCIO XIMENA SANCHEZ LOPEZ,dg.regulatory_alerts_col@baml.com,Pendiente
20,207,BANCO DE CRÉDITO DEL PERÚ - BCP,Calle 34 No. 6-65 Oficina BCP,BOGOTÁ D.C.,9006564669,Representante Legal  para Colombia,MANUEL ALFREDO MENDIOLA VALDEZ,jlarrabure@bcp.com.pe,Pendiente
20,209,CAPITAL BANK INC.,"Carrera 7 No. 71-52, Torre B, Piso 9",BOGOTÁ D.C.,0,Representante para Colombia,RAMON GILBERTO PEREZ D'ETTORE,rperez@capitalbank.com.pa,Pendiente
20,212,NATIXIS,Avenida Carrera 9 No. 115 - 06 oficina 2801 Edificio Tierra Firme,BOGOTÁ D.C.,0,Representante Legal para Colombia,LUIS ALBERTO BAS GIL,marcela.vasquezsaldana@natixis.com,Pendiente
20,213,BBVA S.A. [BBVA Ltd.] [BBVA AG],Carrera 7  No. 80-49 Oficina 302,BOGOTÁ D.C.,0,Representante para Colombia,RAFAEL ARTURO ACOSTA CHACÓN,rafael.acosta@acostayasociados.co,Pendiente
20,214,BANK JULIUS BAER & CO LTD,Carrera 9 No. 74-08 Oficina  105,BOGOTÁ D.C.,0,Representante Legal Principal para Colombia,HERNANDO ANDRÉS PADILLA GÓMEZ,hernando.padilla@ppulegal.com,Pendiente
20,215,KfW IPEX-Bank GmbH,"Carrera 7 No. 71-21 Oficina 404, Torre B Edficio Avenida Chile",BOGOTÁ D.C.,0,Representante para Colombia,FRANK BREITENBACH,frank.breitenbach@kfw.de,Pendiente
20,216,PKB PRIVATE BANK S.A.-Oficina de Representación,"Carrera 11 No. 79-35, Piso 9",BOGOTÁ D.C.,0,Representante Legal Principal para Colombia,EMILIO ALESSANDRO FIORDALISO,Emilio.Fiordaliso@pkb.ch,Pendiente
20,217,STATE STREET BANK AND TRUST COMPANY,Carrera 11 B No. 99-25 Oficina 6-131,BOGOTÁ D.C.,9016416807,Representante Lega Principal para Colombia,MARCIA SALIOLA ROTHSCHILD,mrothschild@statestreet.com,Pendiente
20,218,LAAD Americas N.V.,Carrera 7 No. 71-52 Torre-B Piso 10,BOGOTÁ D.C.,0,Representante Legal Principal para Colombia,EDUARDO SERGIO MARIN,Pendiente,Pendiente
20,219,THE EXPORT-IMPORT BANK OF KOREA -  KOREA EXIMBANK,"Avenida Carrera 9 No. 113-52 Edificio  Torres Unidas 2, Of. 808",BOGOTÁ D.C.,9014359181,Representante Legal Principal para Colombia,DAEWON PARK,koreaeximbankbogota@gmail.com,Pendiente
20,220,"SEGURA BANK INTERNATIONAL, CORP.",Carrera 9 # 80 45 OFC 202,BOGOTÁ D.C.,9018625989,Representante Legal Principal para Colombia,LILIANA PATRICIA PERDOMO CORTES,lperdomo@segurabank.com,Pendiente
262,4,"Instituto deFinanciamiento, Promoción y Desarrollo de Manizales - INFIMANIZALES",Carrera 22 No. 18 - 09 Piso 2 Torre B CAM,MANIZALES,8908010590,Pendiente,Pendiente Pendiente,Pendiente,Pendiente
22,2,FINANCIERA DE DESARROLLO TERRITORIAL S.A.- FINDETER y podrá utilizar la sigla FINDETER,Calle 103 No. 19 -20,BOGOTÁ D.C.,8000963291,Presidente,JUAN CARLOS MUÑIZ PACHECO,findeter@findeter.gov.co,www.findeter.gov.co
22,3,FINANCIERA DE DESARROLLO NACIONAL S.A. (en adelante la Sociedad),Carrera 7 No. 71-52 Torre B Piso 6,BOGOTÁ D.C.,8605090229,Presidente,FRANCISCO JOSÉ LOZANO GAMBA,Pendiente,www.fen.gov.co
22,4,FONDO PARA EL FINANCIAMIENTO DEL SECTOR AGROPECUARIO -FINAGRO-,"Carrera 13 No. 28-17 Pisos 2, 3, 4 y 5",BOGOTÁ D.C.,8001163987,Presidente,ALEXANDRA RESTREPO GARCIA,finagro@finagro.com.co,www.finagro.com.co
22,7,FONDO DE GARANTIAS DE INSTITUCIONES FINANCIERAS,Carrera 7 No. 35-40,BOGOTÁ D.C.,8605307517,Directora,INGRID JULIANA LAGOS CAMARGO,fogafin@fogafin.gov.co,www.fogafin.gov.co
22,8,FONDO NACIONAL DEL AHORRO S.A. y podrá también usar la sigla FNA S.A.,Carrera 65 No. 11 - 50/83,BOGOTÁ D.C.,8999992844,Presidente,LAURA MILENA ROA ZEIDAN,contactenos@fna.gov.co,Pendiente
22,9,FONDO DE GARANTIAS DE ENTIDADES COOPERATIVAS FOGACOOP,Carrera 13 No. 32-51 int11/Cra 13A No. 32-30 local 23 Parque Residencial Baviera,BOGOTÁ D.C.,8300533192,Director,MARÍA ELENA GRUESO RODRÍGUEZ,fogacoop@fogacoop.gov.co,www.fogacoop.gov.co
22,10,FONDO NACIONAL DE GARANTIAS S.A. cuya denominación social podrá girar bajo la sigla FNG S.A.,"Calle 26 A No. 13 -97 pisos 24,25 y 26",BOGOTÁ D.C.,8604022722,Presidente,JAVIER ANDRÉS CUÉLLAR  SÁNCHEZ,info@fng.gov.co,www.fng.gov.co
22,11,CAJA PROMOTORA DE VIVIENDA MILITAR Y DE POLICÍA,Calle 41 A No.46-21 CAN,BOGOTÁ D.C.,8600219677,Gerente General Encargado,JOSÉ ANDRÉS JIMÉNEZ AMAYA,cavim@etb.net.co,Pendiente
23,2,ADMINISTRADORA DE FONDOS DE PENSIONES Y CESANTIAS PROTECCION S.A. sigla PROTECCION,Calle 49 No. 63-100,MEDELLIN,8001381881,Presidente,JUAN DAVID CORREA SOLÓRZANO,clientes@proteccion.com.co,www.proteccion.com.co
23,3,SOCIEDAD ADMINISTRADORA DE FONDOS DE PENSIONES Y CESANTIAS PORVENIR S.A.,Carrera 13 No. 26 A- 65,BOGOTÁ D.C.,8001443313,Presidente,MIGUEL LARGACHA MARTÍNEZ,porvenir@en-contacto.co,www.porvenir.com.co
23,9,"SKANDIA ADMINISTRADORA DE FONDOS DE PENSIONES Y CESANTÍAS S.A., pudiendo en el desarrollo de su objeto social utilizar la sigla  SKANDIA PENSIONES Y CESANTÍAS S.A.",Avenida 19 No.109a -30,BOGOTÁ D.C.,8001485142,Presidente,SANTIAGO GARCÍA MARTÍNEZ,notificacionestramites@skandia.com.co,Pendiente
23,10,Colfondos S.A. Pensiones y Cesantías y podrá utilizar cualquiera de los siguientes nombres abreviados o siglas COLFONDOS S.A. y COLFONDOS (en adelante la Sociedad),"Calle 67 No. 7-94 Pisos 3, 6, 10, 11, 14 al PH",BOGOTÁ D.C.,8001494962,Presidente,RICARDO DANILO GUERRA ALVARADO,serviciocliente@colfondos.com.co,www.colfondos.com.co
25,2,CAJA DE AUXILIOS Y PRESTACIONES DE LA ASOCIACION COLOMBIANA DE AVIADORES CIVILES ACDAC sigla CAXDAC,Calle 99 No. 10 - 19 oficina 402 Edificio 99 Trade Center,BOGOTÁ D.C.,8600073798,Presidente,DANIEL IGNACIO NIÑO TARAZONA,caxdac@cable.net.co,www.caxdac.com
25,3,FONDO DE PREVISION SOCIAL DEL CONGRESO DE LA REPUBLICA,Carrera 10 No. 24-55 Pisos 2 y 3,BOGOTÁ D.C.,8999997347,Director General Encargado,LUIS ENRIQUE CORTES CALLEJAS,fonpreco@col1.telecom.com.co,www.fonprecon.gov.co
25,14,ADMINISTRADORA COLOMBIANA DE PENSIONES - COLPENSIONES,Carrera 10 No. 72 - 33 Torre B Pisos 11 y 12,BOGOTÁ D.C.,9003360047,Presidente,JAIME DUSSAN CALDERON,ediaz@colpensiones.gov.co,www.colpensiones.gov.co
27,4,MITSUI SUMITOMO INSURANCE COMPANY LIMITED,Calle 98 No. 9a - 46 oficina 501 A Edificio Parque Chico 99 Torre 2,BOGOTÁ D.C.,8301369911,"Representante para Colombia (Sin perjuicio de lo dispuesto en el artículo 164 del Código de Comercio, con información radicada con el número 2024044300-000 del día 2 de abril de 2024 que con documento del  1 de abril de 2024 renunció al cargo de Representante para Colombia  y fue aceptada con oficio 2024030002  del 1 de abril de 2024.  Lo anterior de conformidad con los efectos establecidos por la Sentencia C-621 de julio 29 de 2003 de la Constitucional).",JUMPEI OKUDA,constanza-m@ms-ins.com,Pendiente
27,11,MAPFRE RE COMPAÑÍA DE REASEGUROS S.A.,Calle 72 No. 10-07 Oficina 502,BOGOTÁ D.C.,8300275325,Representante para Colombia,RICARDO ALEJANDRO PÉREZ GONZÁLEZ,ricardo.perez@mapfre.com,Pendiente
27,15,SCOR SE OFICINA DE REPRESENTACION EN COLOMBIA,Carrera 7 No. 113 - 43 oficinas 906,BOGOTÁ D.C.,8300915943,Representante para Colombia,GERMÁN ANDRÉS AGUIRRE CASTAÑEDA,gaguirre@scor.com,Pendiente
27,19,HANNOVER RÜCK SE BOGOTÁ OFICINA DE REPRESENTACIÓN,Carrera 9 No. 77-67 Piso 5 Edificio Torre Unika,BOGOTÁ D.C.,9001155523,Representante para Colombia,MIGUEL EDUARDO GUARIN CONTRERAS,Pendiente,Pendiente
27,25,MÜNCHENER RÜCKVERSICHERUNGS - GESELLSCHAFT AKTIENGESELLSCHAFT IN MÜNCHEN (MUNICH RE) - OFICINA DE REPRESENTACIÓN EN COLOMBIA,Carrera 7 No. 71 -21 ofc 902 T B,BOGOTÁ D.C.,9005685795,Representante para Colombia,RODRIGO NIETO CIFUENTES,rnieto@munichre.com   areimpell@munichre,Pendiente
27,26,SWISS RE COLOMBIA - OFICINA DE REPRESENTACION,Av. Carrera 7 No. 113-43 Oficina 1506,BOGOTÁ D.C.,9006431541,Representante Principal para Colombia,MANUEL RICARDO PÉREZ CIFUENTES,ManuelRicardo_Perez@swissre.com,Pendiente
27,27,BERKLEY INSURANCE COMPANY,"Carrera 7 No. 80-49 Oficina 303, Centro de Negocios El Nogal",BOGOTÁ D.C.,0,Representante para Colombia,JAIME ALBERTO ARAMBURO CORTEZ,jaramburo@berkleylac.com,Pendiente
27,33,LIBERTY MUTUAL INSURANCE COMPANY,Avenida carrera 9 No. 113-52 oficina 505 Edificio Torres Unidas Dos,BOGOTÁ D.C.,9009635394,Representante Principal para Colombia,LUIS HENRY SOTELO AMAYA,Henry.Sotelo@LibertyMutual.com,Pendiente
27,35,STARR INDEMNITY & LIABILITY COMPANY,"Avenida Carrera 9 N°115-06/30, oficina 706, Edificio Tierra",BOGOTÁ D.C.,9011232074,Representante Principal para Colombia,JUAN JOSÉ PIRATEQUE CALDERÓN,juan.pirateque@starrcompanies.com,www.starrcompanies.com
27,37,TOKIO MARINE COMPAÑÍA DE SEGUROS S.A. DE C.V.,Carrera 7 No. 71 - 21 Torre B Piso 15,BOGOTÁ D.C.,9013607332,Representante Legal Principal para Colombia,MARÍA FERNANDA MUÑOZ SAAVEDRA,paula _valbuena@tokiomarine.com.mx,Pendiente
27,38,AUSTRAL RESSEGURADORA S.A.,Carrera 7 No. 113-43 Oficina 908- Torre Samsung,BOGOTÁ D.C.,9009517161,Representante para Colombia,Tulio Hernan Moreno Torres,hmoreno@australre.com,Pendiente
27,39,KOREAN REINSURANCE COMPANY LIMITED,"Carrera 9 No. 77-67, Oficina 406",BOGOTÁ D.C.,9013725037,Representante para Colombia,SANG JOON LEE,sonrisa@koreanre.co.kr,Pendiente
27,40,QBE EUROPE SA/NV,"Calle 114 No. 9 - 02, Oficina 1103, Torre Samsung",BOGOTÁ D.C.,9014948486,Representante para Colombia,CHRISTIAN HOFMANN DEL VALLE,christian.hoffmann@qbere.com,Pendiente
27,41,NATIONAL UNION FIRE INSURANCE COMPANY OF PITTSBURGH P.A. OFICINA DE REPRESENTACIÓN,Carrera 7 No.71-21 Oficinsa 1525,BOGOTÁ D.C.,0,Representante Principal para Colombia,LUIS ARTURO SONVILLE DE ARMAS,luis.sonville@aig.com,Pendiente
32,1,COOPERATIVA FINANCIERA DE ANTIOQUIA C.F.A.,Carrera 65 No. 48 - 162 Barrio Suramericana,MEDELLIN,8110226883,Gerente General,JORGE ALBERTO CORRALES MONTOYA,info@cfa.com.co,www.efa.com.co
32,4,"COOPERATIVA FINANCIERA COTRAFA, que también podrá identificarse como COTRAFA FINANCIERA",Calle 46 No. 49-146,BELLO,8909011763,Gerente General,GUILLERMO HORACIO VALENCIA MESA,Pendiente,www.cotrafa.com.co
32,5,CONFIAR COOPERATIVA FINANCIERA y podrá identificarse con el nombre de CONFIAR,Calle 52 No. 49-40,MEDELLIN,8909813951,Gerente General,LEANDRO ANTONIO CEBALLOS VALENCIA,Pendiente,Pendiente
82,4,BOLSA DE VALORES DE COLOMBIA S.A. y podrá utilizar para todos los efectos la sigla BVC S.A.,"CR 7 71-21, OF. 1201, TORRE B, EDIF. AV. CHILE",BOGOTÁ D.C.,8300854261,Gerente,ANDRES  RESTREPO MONTOYA,secretaria@bvc.com.co,www.bvc.com.co
83,1,"DEPOSITO CENTRALIZADO DE VALORES DE COLOMBIA DECEVAL S.A., pero podrá denominarse también con la sigla DECEVAL S.A. o deceval",Carrera 7 No. 71-21 Torre B Piso 12,BOGOTÁ D.C.,8001820912,Gerente,ANDRES  RESTREPO MONTOYA,info@deceval.com.co,www.deceval.com.co
84,1,FITCH RATINGS COLOMBIA S.A. SOCIEDAD CALIFICADORA DE VALORES,CALLE 69 A NO.9-85,BOGOTÁ D.C.,8002140019,Director Ejecutivo,ALEJANDRO BERTUOL,Silvia.Ramirez@fitchratings.com,www.fitchratings.com.co
84,2,BRC Ratings - S&P Global S.A. Sociedad Calificadora de Valores. La Sociedad podrá usar como sigla la abreviación BRC - S&P S.A. Sociedad Calificadora de Valores o BRC - S&P S.A. S.C.V.,CR 19A  90-13 OF 708 ED 90 OFICINAS,BOGOTÁ D.C.,8300396744,Presidente,MARÍA CONSUELO PÉREZ CALLAVASI,sherley.roa@spglobal.com,www.brc.com.co
84,3,VALUE AND RISK RATING S.A. SOCIEDAD CALIFICADORA DE VALORES,CARRERA 7 N.156-68 OFICINA 1301,BOGOTÁ D.C.,9001965039,Gerente General,LUIS FERNANDO GUEVARA OTÁLORA,correo@vriskr.co,www.vriskr.com
85,3,"ACCIONES Y VALORES S.A., COMISIONISTA DE BOLSA",CALLE 72 NO. 7 - 64 PISO 11,BOGOTÁ D.C.,8600715621,Gerente General,RAFAEL TOMÁS APARICIO ESCALLÓN,servicioalcliente@accivalores.com,www.accivalores.com
85,9,Progresión Sociedad Comisionista de Bolsa  S.A. Podrá utilizar la sigla Progresión SCB,Calle 77 No. 7-44 Oficina 302 B,BOGOTÁ D.C.,8909316099,Presidente,ALEXANDER GONZÁLEZ PEÑA,notificaciones@progresion.com.co,Pendiente
85,21,"COMPAÑÍA DE PROFESIONALES DE BOLSA S.A., COMISIONISTA DE BOLSA, pero podrá utilizar el nombre comercial de PROFESIONALES DE BOLSA.",CALLE 93 B NO. 12-18 OFICINA 401,BOGOTÁ D.C.,8000198072,Presidente,BEATRIZ HELENA  CUELLO LACOUTURE,terearango@profesionalesdebolsa.com,www.profesionalesdebolsa.com
85,22,VALORES BANCOLOMBIA S.A. COMISIONISTA DE BOLSA,"CARRERA  48 # 26-85 ZONA INDUSTRIALES,  TORRE SUR",MEDELLIN,8001287358,Presidente,JORGE ALBERTO ARANGO ESPINOSA,gciari@bancolombia.com.co,www.valoresbancolombia.com
85,26,CORREDORES DAVIVIENDA S.A.COMISIONISTA DE BOLSA,CR 7  71 52  TO B  PI 16,BOGOTÁ D.C.,8600791743,Presidente,MARÍA TERESA  URIBE GÓMEZ,aduran@corredores.com,www.daviviendacorredores.com
85,27,BBVA VALORES COLOMBIA S.A. COMISIONISTA DE BOLSA pudiéndose llamar indistintamente BBVA VALORES,CR 9  72-21 P. 9,BOGOTÁ D.C.,8000960369,Gerente,HUGO ALBERTO ABREO GARCIA,willy.enciso@bbva.com,www.bbva.com.co
85,28,CREDICORP CAPITAL COLOMBIA S.A. (la sociedad),CL 34 6 65,BOGOTÁ D.C.,8600681825,Presidente Ejecutivo,HÉCTOR ANDRÉS JULIAO VILLALOBOS,notificacionesjuridica@credicorpcapital.,www.credicorpcapitalcolombia.com
85,32,COMPASS GROUP S.A. COMISIONISTA DE BOLSA,CRA 11 N. 79-52 Oficina 801 EDIFICIO 80 ONCE,BOGOTÁ D.C.,8600099345,Gerente General,Rubiel Mauricio Hincapié Salazar,mauricio.hincapie@cgcompass.com,http://cgcompass.com/colombia/
85,51,"ALIANZA VALORES COMISIONISTA DE BOLSA S.A., pero podrá igualmente denominarse ALIANZA VALORES S.A.",CARRERA 15 # 82-99 PISO 3,BOGOTÁ D.C.,8600001854,Presidente,LUIS FERNANDO FANDIÑO FERREIRA,jperez@alianza.com.co,www.alianzavalores.com.co
85,73,CITIVALORES S.A. Comisionista de Bolsa,CR 9  A 99 02 P 3,BOGOTÁ D.C.,8001980731,Presidente,DIANA PAOLA SABOGAL ABRIL,dalia.nieto@citi.com,www.citibank.com.co/citivalores
85,88,"ITAÚ COMISIONISTA DE BOLSA COLOMBIA S.A., también podra usar la sigla ITAÚ COMISIONISTA DE BOLSA",CARRERA 7 NO. 27 - 18 PISO 21,BOGOTÁ D.C.,8300352173,Gerente General,FELIX EDUARDO BUENDIA ANJEL,secretariageneralcorpbanca@corpbanca.com,https://www.itau.co/grupo/comisionista/i
85,91,"SERVIVALORES GNB SUDAMERIS S.A. Comisionista de Bolsa, pudiendo utilizar la sigla SERVIVALORES GNB SUDAMERIS S.A..",CR 7  75 85/87   PISO 3,BOGOTÁ D.C.,8301181205,Gerente General,MARÍA EUGENIA ARBELAEZ CIFUENTES,marbelaez@gnbsudameris.com.co,www.servivalores.gnbsudameris.com.co
85,92,SCOTIA SECURITIES (COLOMBIA) S.A. SOCIEDAD COMISIONISTA DE BOLSA y podrá utilizar cualquiera de los siguientes nombres abreviados o siglas Scotia Securities o Securities (en adelante la Sociedad),CRA 7  NO. 114-33 PISO 9,BOGOTÁ D.C.,8305047002,Gerente General,NUBIA TERESA ALDANA GONZÁLEZ,santaml@colpatria.com,www.colpatria.com/Securities/
85,93,"SKANDIA VALORES S.A. SOCIEDAD COMISIONISTA DE BOLSA, pudiendo,  en el desarrollo de su objeto social, utilizar la sigla SKANDIA VALORES S.A.",AV. 19 NO. 109 A - 30,BOGOTÁ D.C.,9001256563,Presidente,LUZ CATHERINE GAMA BARRERA,notificacionestramites@skandia.com.co,Pendiente
85,97,LARRAIN VIAL COLOMBIA S.A. COMISIONISTA DE BOLSA,CARRERA 7 NO. 71 - 21 TO B OF 1008 EDIFICIO AVENIDA CHILE,BOGOTÁ D.C.,9005771404,Presidente,María José Ramírez Botero,mjramirez@larrainvial.com,https://larrainvial.com/colombia
93,1,Fondo Mutuo de Inversión  AGRUPAR  pudiendo utilizar la sigla  AGRUPAR,CARRERA 48 NO. 20 - 103 PISO 2,MEDELLIN,8002308907,Gerente,DIEGO ARMANDO MAZO OBANDO,administrador@fondoagrupar.com,www.fondoagrupar.com
93,5,FONDO MUTUO DE INVERSION AVANZAR,CALLE 53 NO.45-45 EDIFICIO PALOMAR OFICINA 1001,MEDELLIN,8002220915,Gerente,MARGARITA ROSA  GOMEZ ESCOBAR,avanzar@comfenalcoantioquia.com,www.comfenalcoantioquia.com
93,7,"El Fondo Mutuo de Inversión Castilla Riopaila Colombina, en adelante Fondo CRC",CR 1 NO. 24-56 EDIFICIO COLOMBINA PISO 8 CALI,PRADERA,8903016476,Gerente,OLGA LILIANA SOTO RAYO,gerente.crc@riopaila-castilla.com,www.fondomutuocrc.com
93,11,FONDO MUTUO DE INVERSION DE COCA-COLA,AV CRA 45 103 60 PISO 8 EDIFICIO DIRECTV,BOGOTÁ D.C.,8605351155,Gerente,LUIS CARLOS MIRA OLARTE,roarevalo@coca-cola.com,www.fondococacola.com
93,12,FONDO MUTUO DE INVERSIÓN INVERTIR GENERAL MOTORS COLMOTORES,CL 56 A SUR 36 A- 09,BOGOTÁ D.C.,8600207597,Gerente,Ricardo Juan Fernández Mejía,juan.fernandez@gm.com,www.chevrolet.com.co
93,15,"El fondo mutuo de ahorro e inversión de los trabajadores de la CORPORACION FINANCIERA COLOMBIANA S.A. Y SUS FILIALES, que en adelante se llamará COMPARTIR",CRA 13 # 26-45 PISO 3 EDIFICIO CENTRO INTERNACIONAL,BOGOTÁ D.C.,8000233909,Gerente,BLANCA CECILIA CABRERA GUTIÉRREZ,maritza.rodriguez@corficolombiana.com.co,www.corficolombiana.com
93,16,"FONDO MUTUO DE INVERSIÓN COMPENSAR, en adelante el Fondo",CALLE 26 NO. 66 A - 48,BOGOTÁ D.C.,8000307631,Gerente,MIGUEL MORALES RIAÑO,extfmicmvelandiam@compensar.com,www.fmicompensar.com
93,20,El Fondo Mutuo de Inversión de los trabajadores de  HOTELES ESTELAR S.A. que en adelante se llamara FONDO,AV. COLOMBIA NO. 2-72 HOTEL INTERCONTINENTAL,CALI,8000859777,Gerente,MAURICIO MONTOYA BERMÚDEZ,fondo.mutuo@hotelesestelar.com,www.pendienteincluir.com
93,25,"EL FONDO MUTUO DE AHORRO Y VIVIENDA DE LOS EMPLEADOS DE MONOMEROS COLOMBO VENEZOLANOS - FAVIM, que para todos los efectos legales podrá utilizar la denominación simple de FAVIM",VIA 40 LAS FLORES,BARRANQUILLA,8901053149,Gerente,ALEXIS ORTEGA GÓMEZ,representantelegalfavim@monomeros.com.co,www.favim.monomeros.com.co
93,26,FONDO MUTUO DE INVERSION EMPRESA Y TRABAJADORES DE EXPERIAN COLOMBIA S.A. FECOM,CR 7 76 35 P 3,BOGOTÁ D.C.,8600350975,Gerente,MARÍA MÓNICA GARCÍA MORALES,fecom.asistente@experian.com,www.experian.com.co
93,29,FONDO MUTUO DE INVERSIONES DEL BANCO DE LA REPUBLICA FIMBRA,CALLE 16 NO.6-66 EDIF.AVIANCA P-30,BOGOTÁ D.C.,8600073537,Gerente,MARÍA CAROLINA GOMEZ RESTREPO,fimbra@banrep.gov.co,www.banrep.gov.co
93,33,FONDO MUTUO DE INVERSION DE EMPLEADOS DEL BANCO POPULAR FILIALES Y ASOCIADAS FIMEBAP,CALLE 67 NO. 25-25 PISO 2,BOGOTÁ D.C.,8600259034,Gerente,Fabio Forero Acero,info@fimebap.com,www.fimebap.com
93,35,"EL FONDO MUTUO DE INVERSIÓN DE LOS EMPLEADOS DE SIERRACOL ENERGY ARAUCA, LLC,  se denomina FONDO MUTUO DE INVERSIÓN FIMSE",CALLE 77 A NO. 11-32,BOGOTÁ D.C.,8000603368,Gerente,EDIN  CERQUERA PIÑEROS,bogota-fimoc@oxy.com,www.occidental
93,37,"EL FONDO MUTUO DE INVERSIÓN DE LOS TRABAJADORES DE LA PREVISORA S.A.., COMPAÑÍA DE SEGUROS que en adelante simplemente se denominará FIMPREVI",TRAV. 9 NO. 55-97 OFC. 301,BOGOTÁ D.C.,8603535876,Gerente,LEIDY ANDREA ROJAS GARCÍA,fimprevi@previsora.gov.co,www.pendienteincluir
93,48,FONDO MUTUO DE INVERSIÓN FOMIL,CRA 51 NO. 13-158,MEDELLIN,8001322424,Gerente,HECTOR IVAN CADAVID CESPEDES,hcadavid@leonisa.com,www.leonisa.com
93,52,FONDO MUTUO DE INVERSION FAMISANCELA,CARRERA 50 NO. 8 SUR - 117,MEDELLIN,8001493459,Gerente,LUÍS FERNANDO BETANCUR LALINDE,luisbl@familia.com.co,www.grupofamilia.com.co
93,57,FONDO MUTUO DE INVERSION DE LOS TRABAJADORES DE LA UNIVERSIDAD EAFIT - FOMUNE,CRA 49 NO. 7 SUR - 50,MEDELLIN,8909857519,Gerente,Oscar Eduardo Medina Arango,infomune@eafit.edu.co,www.eafit.edu.co
93,59,"FONDO MUTUO DE INVERSIÓN DE LOS TRABAJADORES DE GRUPO NUTRESA S.A. y sus COMPAÑÍAS SUBORDINADAS, denominado también FONAL o el FONDO",CRA 52  # 2-38,MEDELLIN,8000445754,Gerente,JUAN EDUARDO NATES ACOSTA,fonal@gruponutresa.com,www.na.com
93,60,"FONDO MUTUO DE INVERSIÓN DE LA BOLSA DE VALORES DE COLOMBIA S.A. , SUS  FILIALES  Y CONTROLADAS  (EL FONDO) FONBOLSA",CARRERA 7 # 71 - 21 TORRE B OFICINA 1201,BOGOTÁ D.C.,8605322776,Gerente,JUAN CARLOS ARROYAVE CANO,fonbolsa@bvc.com.co,Pendiente
93,61,FONDO MUTUO DE INVERSION FONBYH,Carrera 58 No. 9-54 Piso 3,BOGOTÁ D.C.,8001400944,Gerente,María Carolina Devis Mieles,cdevis@fonbyh.com,www.fonbyh.com
93,66,"FONDO MUTUO DE INVERSIÓN DE LOS TRABAJADORES DE COMPAÑÍA COLOMBIANA DE TABACO S.A., pero podrá en todas sus operaciones actuar bajo la sigla FONCOLTABACO","CR 50 5 -115, AUTOPISTA SUR",MEDELLIN,8000930713,Gerente,ANA LUCIA PALACIO POSADA,gerente@foncoltabaco.com,Pendiente
93,70,FONDO MUTUO DE INVERSION DE EMPLEADOS SURAMERICANA FONDOSURA,CR 63 NO  49 A  31,MEDELLIN,8909015014,Gerente,JUAN FELIPE CARDONA LLANO,dpquintero@sura.com.co,Pendiente
93,71,"EL FONDO MUTUO DE INVERSIÓN DE LOS TRABAJADORES DE COMPAÑÍA DE GALLETAS NOEL S.A.S. E INDUSTRIA DE ALIMENTOS ZENÚ S.A.S., FON-NOEL",CR 52    2 - 38,MEDELLIN,8001152802,Gerente,CESAR AUGUSTO OROZCO ECHEVERRY,fonnoel@noel.com.co,www.noel.com.co
93,75,FONDO MUTUO DE INVERSION DE LOS TRABAJADORES DE ALIMENTOS CÁRNICOS S.A.S.,CR 52 CL 2 38 INT 5,MEDELLIN,8001426381,Gerente,CESAR AUGUSTO OROZCO ECHEVERRY,foncarnicos@alimentoscarnicos.com.co,www.alimentoscarnicos.com.co
93,82,FONDO MUTUO DE INVERSIÓN INVERLOC,CR 7  #71 - 21 TO B P 17,BOGOTÁ D.C.,8000479997,Gerente,Sandra María Santana Valderrama,inverloc@co.perenco.com,www.noaplica.com
93,87,PETROCAJA FONDO MUTUO DE INVERSIÓN,CALLE 100 NO. 19 A - 30,BOGOTÁ D.C.,8605102037,Gerente,JORGE ENRIQUE CASTIBLANCO OLARTE,jcet@chevron.com,www.chevron.com
93,91,"EL FONDO MUTUO DE AHORRO E INVERSION DESTINAR, que en adelante se llamará  DESTINAR",CR 9A No. 99-07 PISO 12 EDIFICIO 100 STREET TORRE EQUIDAD,BOGOTÁ D.C.,8000170433,Gerente,LADY YANETH MORENO BARACALDO,gerencia@destinar.net,www.destinar.net.
93,96,FONDO MUTUO DE INVERSION DE LOS EMPLEADOS DEL BANCO TEQUENDAMA,DG 27  6 - 70 P 25,BOGOTÁ D.C.,8600527817,Gerente,ALEXANDER ACERO POVEDA,aacero@gnbsudameris.com.co,Pendiente
93,97,FONDO MUTUO DE INVERSION DE LOS EMPLEADOS DE LA COMPAÑIA UNISYS DE COLOMBIA S.A. UNIFONDO,CALLE 93 NO. 11-26,BOGOTÁ D.C.,8600147822,Gerente,Juan Guillermo García Mora,juan.g.garcia@unisys.com,www.unifondo.com.co
93,100,"EL FONDO MUTUO DE INVERSIÓN DE LA FINANCIERA DE DESARROLLO TERRITORIAL S.A. FINDETER, que podrá usar la sigla FINDAHORRO",CALLE 103 NO. 19 - 20 PISO7,BOGOTÁ D.C.,8001833019,Gerente,BERENICE MARTINEZ QUINTERO,bmartine@findeter.gov.co,www.findahorro.com
93,101,"FONDO MUTUO DE INVERSION DE HOCOL S.A., EMPRESAS DEL GRUPO ROYAL DUTCH SHELL Y MAUREL & PROM COLOMBIA B.V. - FOMIHOCOL",CARRERA 7 NO. 113-43 PISO 16,BOGOTÁ D.C.,8603529186,Gerente,Luz Denice Gaona Cedano,fomihocol.bogota@hcl.com.co,www.fomihocol.com
93,102,FONDO MUTUO DE INVERSIÓN DEL GRUPO LEGIS FOMULEG,AV. CALLE 26 NO. 82-70,BOGOTÁ D.C.,8001863621,Gerente,CESAR ORLANDO LARA GARAVITO,pendiente@incluir,N/A.
93,106,"FONDO MUTUO DE INVERSIÓN DE LOS EMPLEADOS DE MANSAROVAR ENERGY COLOMBIA LTD (en adelante PETROMECL y/o el Fondo), se denomina FONDO MUTUO DE INVERSIÓN PETROMECL, pudiendo utilizar la sigla PETROMECL",CALLE 100 NO. 13-76 OFICINA 1102,BOGOTÁ D.C.,8300119407,Gerente,JULIO ERNESTO WITTINGHAM CARRANZA,petromecl@mansarovar.com.co,www.mansarovar.com.co
93,124,"FONDO MUTUO DE INVERSION DE PROMOTORA MÉDICA LAS AMERICAS Y SUS UNIDADES INDEPENDIENTES, que en adelante se llamará FONAMERICAS",DG 75B NO. 2A-120 OFICINA 215,MEDELLIN,8110154057,Gerente,Sandra Milena Cardenas,fondos@correo1lasamericas.com,www.lasamericas.com.co
93,127,El Fondo Mutuo de Inversión de los Empleados de la Cooperativa Multiactiva de servicios solidarios COPSERVIR LTDA. que en adelante para efectos legales y negocios ordinarios se llamará MIFUTURO,CALLE 18 NO. 121 - 130 AVDA. CAÑASGORDAS PANCE,CALI,9003830695,Gerente,JOSÉ ANTONIO CASTELLAR ANILLO,fondomifuturo@copservir.com,www.fondomifuturo.org
111,1,BANCOLOMBIA PUERTO RICO INTERNACIONAL INC,Calle 30 No. 6 - 38 piso 10,BOGOTÁ D.C.,0,Representante para Colombia,JOAQUÍN MAURICIO AGUDELO ORDÓÑEZ,joaquinmauricioagudelo@gmail.com,Pendiente
111,2,CITIBANK N.A.,Carrera  9A No. 99-02 Piso 3,BOGOTÁ D.C.,8600022869,Representante Legal para Colombia,LAURA POSSE VELASQUEZ,Pendiente,Pendiente
111,3,BANCOLOMBIA (PANAMA) S.A.,"Carrera 52 No. 50-20, Piso 11",MEDELLIN,0,Representante para Colombia,JOAQUÍN MAURICIO AGUDELO ORDÓÑEZ,joaquinmauricioagudelo@gmail.com,Pendiente
111,4,BANCO DE OCCIDENTE (PANAMA) S.A.,Carrera 13 No. 26 a - 47 Piso 8,BOGOTÁ D.C.,0,Representante para Colombia,JUAN CARLOS GONZÁLEZ MILLÁN,jcgonzalez@bancoccidente.com.pa,Pendiente
111,5,BANCO DE BOGOTÁ - NEW YORK AGENCY,Calle 36 No. 7 - 47 Piso 13,BOGOTÁ D.C.,0,Representante para Colombia del  Banco de Bogota New York Agency,Angela del Rosario Albarracin Robledo,aalbarracin@bancodebogota.com.co,www.bancodebogotainternacional.com.co
111,6,BANCO DE BOGOTÁ S.A. - MIAMI AGENGY,Calle 36 No. 7 - 47 Piso 13,BOGOTÁ D.C.,0,Representante para Colombia,Angela del Rosario Albarracin Robledo,aalbarracin@bancodebogota.com.co,www.bancodebogotainternacional.com.co
111,10,THE BANK OF NOVA SCOTIA (TORONTO-CANADA),Carrera 10 No. 97 A 13 Ofc 502,BOGOTÁ D.C.,0,Representante para Colombia,CLARA LUCÍA URIBE BERNATE,clara.uribe@legalcrc.com,Pendiente
507,60,WEBULL FINANCIAL LLC,Pendiente,BOGOTÁ D.C.,0,Pendiente,Pendiente Pendiente,Pendiente,Pendiente
111,13,BANCO DAVIVIENDA S.A. MIAMI INTERNATIONAL BANK BRANCH,Calle 28 No. 13A-15 PISO 26,BOGOTÁ D.C.,0,Representante para Colombia,José Mauricio Gómez Sanchez,magomez@davivienda.com,Pendiente
111,16,BANCO DE BOGOTÁ (PANAMÁ) S.A.,Calle 36 No.7-47 Piso 13 (2015007464-0),BOGOTÁ D.C.,0,Representante Legal Principal para Colombia,LUISA FERNANDA ARIZA PINZÓN,aalbarracin@bancodebogota.com.co,Pendiente
111,17,ITAÚ CORPBANCA E ITAÚ CORPBANCA NY BRANCH,Pendiente,Pendiente,0,Representante Principal para Colombia,JOAQUÍN PATRICIO ROJAS WALBAUM,joaquin.rojas@itau.cl,Pendiente
111,18,SUCURSAL EN PANAMÁ DE BANCOLOMBIA S.A.,Carrera 48 No. 26 -85 Piso 10 Sector D Avenida Los Industriales,MEDELLIN,0,Representante para Colombia,JOAQUÍN MAURICIO AGUDELO ORDÓÑEZ,joaquinmauricioagudelo@gmail.com,Pendiente
111,19,BANISTMO S.A.,"Carrera 48 No. 26 - 85, Torre Sur, Piso 10D",MEDELLIN,0,Representante para Colombia,JOAQUÍN MAURICIO AGUDELO ORDÓÑEZ,Pendiente,Pendiente
111,20,SCOTIA CAPITAL INC,Carrera 10 No. 97 A 13 Ofc 502,BOGOTÁ D.C.,0,Representante para Colombia,CLARA LUCÍA URIBE BERNATE,clara.uribe@legalcrc.com,Pendiente
111,21,BBVA S.A. (ESPAÑA),Carrera 9 No. 72-21 Piso 9,BOGOTÁ D.C.,0,Representante para Colombia,VICTOR MARTÍNEZ SAN MARTÍN,Pendiente,Pendiente
111,22,BANCO DAVIVIENDA INTERNACIONAL (PANAMÁ) S.A.,Avenida El Dorado No. 68 B 31 Piso 1,BOGOTÁ D.C.,0,Representante para la Promoción  y Publicidad,LUIS HUMBERTO USTARIZ GONZÁLEZ,Pendiente,Pendiente
111,24,"BBVA MEXICO, SOCIEDAD ANONIMA, INSTITUCION DE BANCA MULTIPLE, GRUPO FINANCIERO BBVA MEXICO",Carrera 9 # 72-21 Piso 10,BOGOTÁ D.C.,0,Representante para Colombia,FRANCISCO RIVERA SOLORZANO,william.rincon@bbva.com,Pendiente
111,25,OCCIDENTAL BANK (BARBADOS) LTD,Carrera 7 No. 71-52 Torre A Piso 3 Oficina 301 A,BOGOTÁ D.C.,8300306291,Representante para Colombia,CATALINA LOZANO PUYANA,CLozano@occidentalbankbarbados.com,Pendiente
111,26,BANCO SANTANDER S.A.,Pendiente,BOGOTÁ D.C.,0,Representante para Colombia,RUTH PATRICIA POLCHLOPEK JULIAO,ruth.polchlopek@universia.net.co,Pendiente
111,29,The Bank of Nova Scotia,Pendiente,BOGOTÁ D.C.,0,Representante Legal para Colombia,CLARA LUCÍA URIBE BERNATE,Pendiente,Pendiente
111,30,CITIBANK EUROPE PUBLIC LIMITED COMPANY (CEP),Carrera 9A No. 99-02 Piso 3,BOGOTÁ D.C.,0,Representante Legal Principal para Colombia,SANDRA JIMÉNEZ CARO,Pendiente,Pendiente
111,31,INVERSIONES SURA CORP,Pendiente,Pendiente,0,Representante Legal Principal para Colombia,MARÍA ISABEL GALEANO PINEDA,Pendiente,Pendiente
111,32,THE BANK OF NOVA SCOTIA TRUST COMPANY (BAHAMAS) LIMITED,Pendiente,BOGOTÁ D.C.,0,Representante Legal para Colombia,CLARA LUCÍA URIBE BERNATE,Pendiente,Pendiente
118,1,CREDIBANCO S.A. pudiendo sin perder su naturaleza utilizar la sigla CREDIBANCO,Ak. 68 No. 75a - 50 Metrópolis,BOGOTÁ D.C.,8600329097,Presidente Encargado,RICARDO TIBERIO ZAMBRANO AHUMADA,representantelegalcrediba@credibanco.com,www.credibanco.com
118,2,ACH COLOMBIA S.A.,Transversal 23 No. 97 - 73 Edificio City Business Piso 3,BOGOTÁ D.C.,8300785126,Presidente,GUSTAVO HUMBERTO VEGA VILLAMIL,notificacionesjudiciales@achcolombia.com,Pendiente
118,3,SOCIEDAD AL SERVICIO DE LA TECNOLOGÍA Y SISTEMATIZACIÓN BANCARIA TECNIBANCA S.A. pero podrá utilizar la sigla SERVIBANCA S.A.,Carrera 7 No. 75 -85/87 Piso 9,BOGOTÁ D.C.,8300366457,Gerente General,MYRIAM MILENA ALVARADO GARCÍA,javier.pabon@servibanca.com.co,Pendiente
118,5,REDEBAN S.A.,Carrera 20 No.33-15 Teusaquillo,BOGOTÁ D.C.,8300705271,Presidente Ejecutivo,ANDRES FELIPE DUQUE MARTÍNEZ,eadelarosa@redebanmulticolor.com.co,Pendiente
118,6,VISIONAMOS SISTEMA DE PAGO COOPERATIVO,Carrera 43 A No. 31-159 Edificio Gruval Piso 2,MEDELLIN,8110436608,Gerente General,LUIS SANTIAGO GALLEGO VANEGAS,Pendiente,Pendiente
22,5,"INSTITUTO COLOMBIANO DE CRÉDITO EDUCATIVO Y ESTUDIOS TÉCNICOS EN EL EXTERIOR, MARIANO OSPINA PÉREZ, ICETEX",Carrera 3 No. 18 - 32,BOGOTÁ D.C.,8999990357,Presidente,ÁLVARO HERNÁN URQUIJO GÓMEZ,Pendiente,www.icetex.gov.co
128,1,Movii S.A sociedad especializada en Depósitos y Pagos Electrónicos,Calle 98 No. 70-91 Centro Empresarial Pontevedra Oficina 416,BOGOTÁ D.C.,9010779526,Gerente General,HERNANDO RAMÓN RUBIO DACOSTA,secretaria.general@movii.com.co,Pendiente
128,3,"AVAL SOLUCIONES DIGITALES S.A. (en lo sucesivo, la Sociedad)","Calle 36 No. 7-47, Piso 10",BOGOTÁ D.C.,9011405522,Gerente General,JOSE MANUEL AYERBE OSORIO,juridico@dale.com.co,Pendiente
128,4,TECNIPAGOS S.A.,"Calle 99 No. 14-49, Piso 8",BOGOTÁ D.C.,9011196064,Gerente General,HUGO ALFONSO CASTRO BONILLA,teayudamos@ding.com.co,Pendiente
128,6,GLOBAL COLOMBIA 81 S.A. pudiéndose identificar con la sigla Global66,Carrera 11B No. 99-25 Piso 6 Oficina 105,BOGOTÁ D.C.,9014292728,Gerente General,SANTIAGO MEJÍA DIAZ DEL CASTILLO,admincolombia@global66.com,Pendiente
128,8,RIA MONEY TRANSFER COLOMBIA S.A.,Calle 127 No. 70G-68 Oficina 412.,BOGOTÁ D.C.,9016968476,Representante Legal Principal,ANGELA BOTÍA FLOREZ,riacolombia@riamoneytransfer.com,Pendiente
129,1,BLOOM CROWDFUNDING S.A.,Carrera 8a No. 97-62,BOGOTÁ D.C.,9015581518,Gerente General,GERMAN OCTAVIO MONTT VALERO,bloom@inversionesbloom.com,Pendiente
142,1,Grupo Aval Acciones y Valores,Carrera 13 26A-47 Piso 26,BOGOTÁ D.C.,8002161815,Pendiente,Pendiente Pendiente,www.grupoaval.com,Pendiente
142,2,Grupo de Inversiones Suramericana S.A.,"Carrera 43 A # 5 A - 113 Pisos 13, 14 y 15 Torre Norte Edificio One Plaza",MEDELLIN,8110122713,Pendiente,Pendiente Pendiente,www.gruposura.com,Pendiente
142,3,Grupo Bolívar S.A.,Avenida El Dorado # 68B-31 Piso 10,BOGOTÁ D.C.,8300254485,Pendiente,Pendiente Pendiente,www.grupobolivar.com,Pendiente
142,4,INVERSORA FUNDACIÓN GRUPO SOCIAL S.A.S.,Calle 72 # 10 -71 Piso 9,BOGOTÁ D.C.,9011960142,Pendiente,Pendiente Pendiente,Pendiente,Pendiente
142,5,Cooperativa Médica del Valle y de Profesionales de Colombia COOMEVA,Calle 13 No. 57-50,CALI,8903006251,Pendiente,Pendiente Pendiente,juridico@coomeva.com.co,Pendiente
142,6,Skandia Holding de Colombia S.A.,Pendiente,Pendiente,800172954,Pendiente,Pendiente Pendiente,notificacionestramites@skandia.com.co,Pendiente
142,7,Credicorp Capital Holding Colombia S.A.S.,Pendiente,Pendiente,900509577,Pendiente,Pendiente Pendiente,Pendiente,Pendiente
142,8,BANCO BILBAO VISCAYA ARGENTARIA S.A. E,Pendiente,Pendiente,0,Pendiente,Pendiente Pendiente,Pendiente,Pendiente
142,9,GRUPO FINANCIERO GNB S.A.,Pendiente,Pendiente,0,Pendiente,Pendiente Pendiente,Pendiente,Pendiente
142,10,SCOTIABANK,Pendiente,Pendiente,0,Pendiente,Pendiente Pendiente,Pendiente,Pendiente
142,11,ITAÚ UNIBANCO S.A,Pendiente,Pendiente,0,Pendiente,Pendiente Pendiente,Pendiente,Pendiente
142,12,BANCO BTG PACTUAL S.A.,Pendiente,Pendiente,0,Pendiente,Pendiente Pendiente,Pendiente,Pendiente
142,13,BNP PARIBAS,Pendiente,Pendiente,0,Pendiente,Pendiente Pendiente,Pendiente,Pendiente
142,14,Grupo Bicentenario S.A.S,Pendiente,Pendiente,0,Pendiente,Pendiente Pendiente,empresas@grupobicentenario.gov.co,Pendiente
262,1,INSTITUTO PARA EL DESARROLLO DE ANTIOQUIA en sigla IDEA,Pendiente,MEDELLIN,8909801792,Pendiente,Pendiente Pendiente,gerencia@idea.gov.co,Pendiente
262,2,"INSTITUTO FINANCIERO PARA EL DESARROLLO DEL VALLE DEL CAUCA, por su sigla, INFIVALLE",Pendiente,CALI,8903080519,Pendiente,Pendiente Pendiente,infivalle@infivalle.gov.co,Pendiente
262,3,"INSTITUTO DE FINANCIAMIENTO, PROMOCIÓN Y DESARROLLO DE CALDAS INFICALDAS",Calle 21 No. 23-22 Piso 4,CALI,8908060063,Pendiente,Pendiente Pendiente,gerente@inficaldas.com,Pendiente
400,1,"BMC Bolsa Mercantil de Colombia S.A., la cual para todos los actos públicos y privados podrá usar la sigla BMC, respecto de la cual se hará referencia como Sociedad o como Bolsa",CALLE 113 NUMERO 7-21 TORRE A PISO 15.,BOGOTÁ D.C.,8600712509,Presidente,MARÍA INÉS AGUDELO VALENCIA,monica.castilla@bolsamercantil.com.co,www.bolsamercantil.com.co
401,1,"AGROBOLSA S.A. COMISIONISTA DE BOLSA, pero podrá en todos sus actos usar la sigla AGROBOLSA.",CARRERA 14 # 76-26 OFC. 205 Y 206.,BOGOTÁ D.C.,8301038285,Gerente,CLARA INÉS SARMIENTO DE HELO,gerencia@agrobolsa.com.co,www.agrobolsa.com.co
401,16,MIGUEL QUIJANO Y COMPAÑÍA S.A.,CL 72  9-55 OF 904,BOGOTÁ D.C.,8000951316,Gerente,MIGUEL ANTONIO QUIJANO LOPEZ,miguelquijano@miguelquijano.com.co,www.miguelquijano.com.co
401,22,CORREDORES DE VALORES AGROPECUARIOS S.A. sigla CORAGRO VALORES S.A.,CL76  54-11 P-6 OF 602,BARRANQUILLA,8020005587,Gerente,LUIS VICENTE TÁMARA MATERA,coragro@coragrovalores.com,www.coragrovalores.com
401,25,CORREAGRO S.A.,CARRERA 24 NO 4-10 BARRIO MIRAFLORES,CALI,8050008679,Presidente,Armando José Estela Gómez,informacion@correagro.com,www.correagro.com
401,36,GEOCAPITAL S.A.,CR 25 1 A SUR 155 OF 955 ED PLATINUM,MEDELLIN,8110178793,Gerente,LUIS GONZALO LLANO GARCIA,llano@epm.net.co,www.geocapitalsa.com
401,38,COMISIONISTAS AGROPECUARIOS S.A. COMIAGRO S.A.,CARRERA 23 B N. 66-11,MANIZALES,8002064421,Gerente,EDGAR SERNA JARAMILLO,comiagro@une.net.co,www.comiagro.com
401,45,"MERCADO Y BOLSA S.A., pudiendo utilizar la sigla M&B S.A.",Carrera 7c No.123 - 16,BOGOTÁ D.C.,8300942831,Gerente General,Sandra Milena Mejía Serrano,smejia@mercadoybolsa.com,www.mercadoybolsa.com
401,47,"COMISIONISTAS FINANCIEROS AGROPECUARIOS S.A., la sociedad podrá actuar bajo el nombre comercial COMFINAGRO S.A.",CLL 64 NORTE NO. 5 B-146 OF. R01,CALI,8050235981,Gerente General Encargado,Oscar Chavez Rueda,comfinagro@comfinagro.com.co,www.comfinagro.com.co
501,1,SET ICAP FX S.A.,CARRERA 11 NO.93  - 46 OFICINA 403,BOGOTÁ D.C.,8301150543,Presidente,ANDRÉS MACAYA DÁVILA,legal@set-icap.co,www.set-icap.co
501,2,TRADITION COLOMBIA S.A.,CR 14  85 68 OF602,BOGOTÁ D.C.,9001788227,Gerente General,Ariel Rozmaryn Barurzadek,pendiente@incluir,www.tradition.com.co
501,4,GFI EXCHANGE COLOMBIA S.A. pudiendo utilizar el nombre de GFI EXCHANGE,CL 100 # 8A - 49 TO B OF 715,BOGOTÁ D.C.,9003695293,Gerente General,ELSA CAROLINA HURTADO CASTRO,paola.hurtado@gfigroup.com,www.gfigroup.com.co
502,1,"SET-ICAP SECURITIES S.A., y para todo propósito podrá utilizar el acrónimo SET-ICAP SECURITIES",CARRERA 11 NO. 93 - 46 OFICINA 403,BOGOTÁ D.C.,8300453515,Gerente General,Alexander González Socarrás,agonzalez@set-icap.co,www.set-icap.co
502,2,DERIVEX S.A.,CARRERA 7 NO. 71 - 21 TORRE B OF. 1201,BOGOTÁ D.C.,9003639686,Gerente General,JUAN CARLOS TÉLLEZ URDANETA,infor@derivex.com.co,www.derivex.com.co
502,3,"GFI SECURITIES COLOMBIA S.A., pudiendo utilizar el nombre GFI SECURITIES",CL 100 # 8A - 49 TO B OF 715,BOGOTÁ D.C.,9003695247,Gerente General,Yesid Alfonso Castro González,Oscar.Pedroza@gfigroup.com,www.gfigroup.com.co
11,163,LOCKTON CORREDORES DE REASEGUROS LTDA,Carrera 11 No 86 - 60- Of 603,BOGOTÁ D.C.,9017648872,Gerente General,JUAN PABLO URIBE CAJIAO,locktonre-colombia@lockton.com,Pendiente
502,4,TRADITION SECURITIES COLOMBIA S.A.,CR 14  85 68 OF 602,BOGOTÁ D.C.,9003506678,Gerente General,Omar Dario Pérez Mogollón,pendiente@,www.tradition.com.co
504,1,CÁMARA DE RIESGO CENTRAL DE CONTRAPARTE DE COLOMBIA S.A. podrá utilizar para todos los efectos la sigla CRCC S.A.,CR 7  71 - 21 TO B OF 1001,BOGOTÁ D.C.,9001823894,Gerente,OSCAR ARMANDO LEIVA VILLAMIZAR,jrojas@camaraderiesgo.com.co,www.camaraderiesgo.com
507,3,VECTORGLOBAL WMG INC.,Calle 97 No. 11 B - 17 oficina 301,BOGOTÁ D.C.,9003983814,Representante para Colombia,SERGIO CORMANE OTALORA,cfontecha@vectorglobalwmg.com,Pendiente
507,6,"CREDICORP CAPITAL, LLC",Carrera 7 No. 71-52 Torre B oficina 1801,BOGOTÁ D.C.,9004406001,Representante para Colombia,CARLOS ANDRÉS COLL GALARZA,dcifuentes1@credicorpcapital.com y ccoll,Pendiente
507,7,HARBOURVEST PARTNERS LLC,Carrera 7 No. 113 - 43 oficina 904,BOGOTÁ D.C.,0,Representante Legal Principal para Colombia,NHORA LEONOR OTALORA BUENAVENTURA,plipson@HarbourVest.com,Pendiente
507,10,NOMURA SECURITIES INTERNATIONAL INC,Carrera 11 No. 79-35 Piso 9,BOGOTÁ D.C.,0,Representante para Colombia,JUAN M EROLES,Federico.infantino@nomura.com,Pendiente
507,12,PACIFIC INVESTMENT MANAGEMENT COMPANY LLC,"Carrera 7 No. 71 - 52, Torre B, Piso 9",BOGOTÁ D.C.,0,Representante Legal Principal para Colombia,BARBARA CLANCY,alec.kersman@pimco.com,Pendiente
507,13,SMBC NIKKO SECURITIES AMERICA INC,Carrera 11 No. 79-59 Oficina 1002,BOGOTÁ D.C.,0,Representante para Colombia,Juan Fernando Gaviria Guzman,Pendiente,Pendiente
507,15,"GOLDMAN, SACHS & CO",Calle 67 No. 7 - 35 piso 12 oficina 1204,BOGOTÁ D.C.,0,Representante para Colombia,RICARDO  MORA,ricardo.mora@gs.com,Pendiente
507,17,BLACKROCK FUND ADVISORS,Calle 84 A No. 9-65,BOGOTÁ D.C.,0,Representante para Colombia,DIEGO ALEJANDRO MORA HERNANDEZ,axelcristensen@blackrock.com,Pendiente
507,18,GLOBAL X ETFS BY MIRAE ASSET,Carrera 7 No. 71-21 Torre B Piso 10,BOGOTÁ D.C.,9007396521,Representante para Colombia,FEDERICO ANDRES TORRES GRAJALES,FTorres@globalxetfs.com,Pendiente
507,22,MORGAN STANLEY & CO LLC,Carrera 9 No. 74 - 08  Oficina 305,BOGOTÁ D.C.,0,Representante para Colombia,JUAN ANDRES ABRIL FEDRIGO,juanabril@morganstanley.com,Pendiente
507,23,CANADIAN IMPERIAL BANK OF COMMERCE (CIBC) y CIBC WORLD MARKETS INC. (CIBC WMI),"Carrera 7 No. 113-43, Oficina 1802, Torre Samsung",BOGOTÁ D.C.,9007371354,Representante para Colombia,CARLOS ANDRÉS PINEDA BENITEZ,carlos.pineda@cibc.com,Pendiente
507,24,"STONEX FINANCIAL INC. y STONEX MARKETS, LLC.",Av. Carrera 9 No. 115-06/30 Edificio Tierra Firme,BOGOTÁ D.C.,9007551486,Representante para Colombia,DIEGO VICTOR PILAR LORENZO,juan.recio@intlfcstone.com,Pendiente
507,25,", se aclara su razón social por la NEUBERGER BERMAN EUROPE LIMITED, NB ALTERNATIVE ADVISER LLC  y NEUBERGER BERMAN BD LLC (NB BD LLC).",Carrera 12 a  # 78-40 Oficinas 08-108 y 08-116,BOGOTÁ D.C.,9008109914,Representante para Colombia,MAURICIO BARRETO GIRALDO,nbcolombialegalrep@nb.com,Pendiente
507,26,ALLFUNDS BANK  S.A.,Carrera 9 No. 115-06 y 115-30 Edificio Tierra Firme oficina 808,BOGOTÁ D.C.,9008402875,Representante para Colombia,CARLOS FELIPE NICOLÁS STOZITZKY OTÁLORA,cFstozitzky@allfundsbank.com,Pendiente
507,30,PINEBRIDGE INVESTMENTS EUROPE LIMITED,"Carrera 16 No. 97-46, Piso 6",BOGOTÁ D.C.,0,Representante para Colombia,ADRIEN ANTOINE GRYNBLAT BARUCH,adrien.grynblat@pinebridge.com,Pendiente
507,31,BNP PARIBAS ASSET MANAGEMENT Europe,"Carrera 7 No. 77-07 Edificio Torre Siete 77, Piso 11",BOGOTÁ D.C.,0,Representante para Colombia,PEDRO PABLO MONTERO OCHAGAVÍA,pedropablo.montero@americas.bnpparibas.c,Pendiente
507,33,LEGG MASON INVESTORS SERVICES LLC,Calle 67 No. 7 - 35 Oficina 1204,BOGOTÁ D.C.,0,Representante para Colombia,SERGIO MARCELO GUERRIEN,sergio.guerrien@franklintempleton.com,Pendiente
507,34,MFS INVESTMENT MANAGEMENT COMPANY (LUX) S.A.R.L,Carrera 11 No. 79-35 Piso 9,BOGOTÁ D.C.,0,Representante para Colombia,LINDBERGH JOSÉ CORENA GALVIS,jcorena@mfs.com,Pendiente
507,35,THREADNEEDLE INTERNATIONAL LIMITED,"Carrera 7 No. 71-52, Torre B Piso 9",BOGOTÁ D.C.,0,Representante para Colombia,SANTIAGO ZARAUZA RIESTRA,Pendiente,Pendiente
507,36,VOLCOMCAPITAL ADMINISTRADORA GENERAL DE FONDOS S.A.,Av Calle 80  No. 90A - 54,BOGOTÁ D.C.,0,Representante para Colombia,JOSÉ MIGUEL BULNES VALDÉS,jmbulnes@volcomcapital.cl,Pendiente
507,37,SCHRODER INVESTMENT MANAGEMENT NORTH AMERICA INC,Calle 67 No. 7 - 35 Oficina 1204,BOGOTÁ D.C.,0,Representante para Colombia,ALEXIS FRANCISCO TOLEDO JIMÉNEZ,Pendiente,Pendiente
507,39,NEW REINSURANCE COMPANY LTD (en adelante NewRe),Carrera 7 No. 76-35 Oficina 502 A,BOGOTÁ D.C.,0,Representante Legal para Colombia,CONOR JAMES CASSIDY,adiaz@florezlegal.com,Pendiente
507,41,INVESTMENT PLACEMENT GROUP INC,Pendiente,Pendiente,0,Representante para Colombia,MAURICIO GOMEZ NEIRA,Pendiente,Pendiente
507,42,"KAYNE ANDERSON CAPITAL ADVISORS, LP","Carrera 7 No. 71-52, Torre B, Piso 9",BOGOTÁ D.C.,0,Representante para Colombia,MICHAEL JOSEPH O´NEIL,catalina.pinilla@dentons.com,Pendiente
507,43,DoubleLine Capital LP,Pendiente,Pendiente,0,Representante para Colombia,JOEL PEÑA,Pendiente,Pendiente
507,45,Insigneo Securities LLC e Insigneo Advisory Services LLC,Carrera 2 Oeste 6-08 Oficina 406- Edificio El Emporio,CALI,98000034204,Representante Legal Principal para Colombia,JOSÉ ALFREDO SALAZAR,compliance_advisory@insigneo.com,Pendiente
507,46,INSIGHTS INVESTMENTS LLC,Km 19 vía La Calera Sopó. Centro Comercial Potosí. Oficina 11.,BOGOTÁ D.C.,9016221052,Representante Legal Principal para Colombia,NATALIA GALLEGO FRANCO,Natalia.gallego@insightswm.com,Página web https://www.insightswm.com/
507,47,ASB BANK CORP,Pendiente,Pendiente,0,Representante Legal para Colombia,CAROLINA ANZOLA GARCÍA,Pendiente,Pendiente
507,48,DIRECT TRADING TECHNOLOGIES UK LIMITED - DTT,Calle 110 No. 9 - 25 Torre Empresarial  Pacific Of. 712,BOGOTÁ D.C.,0,Representante Legal Principal para Colombia,ANDRÉS FELIPE URUEÑA DAMINA,a.uruena@dttshares.com,Pendiente
507,49,NATIXIS INVESTMENT MANAGERS INTERNATIONAL,"Calle 98 # 10- 32, Edificio Pixel, Piso 3, Oficina 302 Chicó Norte",BOGOTÁ D.C.,9016885421,Representante Legal Principal para Colombia,SOPHIE ANNE BOZO DEL CAMPO,Colombia.regulatory@natixis.com,Pendiente
507,50,"LESTE USA, LLC",Carrera 13ª # 127ª-13 Apto 304,BOGOTÁ D.C.,0,Representante Legal Principal para Colombia,SEBASTIÁN MERIZALDE ANDRADE,Sebastian.merizalde@leste.com,Sebastian.merizalde@leste.com
507,52,SMARTADVISOR  LLC,Pendiente,Pendiente,0,Representante Legal para Colombia,FRANCISCO SOSA DEL VALLE,Pendiente,Pendiente
507,53,MONEDA S.A. ADMINISTRADORA GENERAL DE FONDOS,Pendiente,Pendiente,0,Representante Legal Principal para Colombia,JEAN PIERRE SERANI TORO,Pendiente,Pendiente
507,55,AVA TRADE MARKETS LTD.,Pendiente,BOGOTÁ D.C.,0,Representante Legal Principal para Colombia,DAIRE FERGUSON,Pendiente,Pendiente
507,56,"DWS DISTRIBUTORS, INC.",Pendiente,Pendiente,0,Representante Legal para Colombia,STELLA VIGIL GONZÁLEZ,Pendiente,Pendiente
507,57,PARTNERS CAPITAL INVERSIONES AGENTE DE VALORES S.A.,Pendiente,Pendiente,0,Pendiente,Pendiente Pendiente,Pendiente,Pendiente
508,3,RENTA 4 BANCO S.A.,Carrera 9 No. 78 - 15,BOGOTÁ D.C.,0,Representante Legal Principal para Colombia,ALEJANDRO VARELA SOBREIRA,registros@renta4global.com,Pendiente
509,2,"PROVEEDOR INTEGRAL DE PRECIOS COLOMBIA, PROVEEDOR DE PRECIOS PARA VALORACION S.A y podrá utilizar la sigla PIP COLOMBIA S.A. PPV",CR 9 NO 77-67 OF 902,BOGOTÁ D.C.,9003077112,Gerente General,DIANA CAROLINA ORTEGON ROMERO,agalindo@piplatam.co,www.piplatam.com
510,1,CORREDORES DAVIVIENDA PANAMÁ S.A.,Carrera 7 No. 71-52 Torre B Piso 16,BOGOTÁ D.C.,0,Representante Legal para Colombia,María Isabel Sierra Mora,mforero@corredores.colm,Pendiente
510,2,SCOTIA CAPITAL (USA) Inc.,Carrera 10 No. 97 A 13 Ofc 502,BOGOTÁ D.C.,0,Representante para Colombia,CLARA LUCÍA URIBE BERNATE,clara.uribe@legalcrc.com,Pendiente
510,3,SCOTIA CAPITAL (USA) Inc.,Carrera 10 No. 97 A 13 Ofc 502,BOGOTÁ D.C.,0,Representante para Colombia,CLARA LUCÍA URIBE BERNATE,clara.uribe@legalcrc.com,Pendiente
510,4,JP MORGAN ASSET MANAGEMENT (EUROPA) S.A.R.L,Pendiente,BOGOTÁ D.C.,0,Representante Legal Principal para Colombia,RAÚL RODRIGO ÁLVAREZ APARICIO,maria.jose.gnecco@jpmchase.com.,Pendiente
510,5,INVERSIONES SURA CORP.,"Carrera 43 A N° 3 - 101, piso 2",MEDELLIN,0,Representante Legal Principal para Colombia,MARÍA ISABEL GALEANO PINEDA,cco@inversionessura.com,Pendiente
600,1,"TITULARIZADORA COLOMBIANA S.A. HITOS y podrá distinguirse con las siglas o nombres abreviados TITULARIZADORA COLOMBIANA S.A., o TITULARIZADORA COLOMBIANA S.A. - HITOS","Calle 72 No. 7-64, Piso 4, oficina 401",BOGOTÁ D.C.,8300895306,Presidente,ANDRES LOZANO UMAÑA,notificacionestc@titularizadora.com,www.titularizadora.com
13,42,SOLUNION COLOMBIA SEGUROS DE CRÉDITO S.A. y podrá identificarse con la sigla SOLUNION S.A.,Carrera 7 Sur No. 42-70,MEDELLIN,8110191907,Gerente General,ALEJANDRO MIGUEL SANTAMARÍA CAICEDO,credisegur@suramericana.com.co,Pendiente
507,59,STEPSTONE GROUP LP,Pendiente,BOGOTÁ D.C.,0,Pendiente,Pendiente Pendiente,Pendiente,Pendiente
27,42,AXA XL REINSURANCE LTD,Carrera 9 No. 115 30 Ofi 1903 Ed Tierra Firme,BOGOTÁ D.C.,9019138715,Pendiente,Pendiente Pendiente,alfredo.salcedo@axaxl.com,Pendiente
118,9,MASTERCARD COLOMBIA ADMINISTRADORA S.A.,"Carrera 11 No. 84 A- 09 Entrada Norte, Piso 8 Of. 801",BOGOTÁ D.C.,9010104580,Pesidente,MARCELA DE LAS MERCEDES CARRASCO HEILBRON,notificaciones_mcca@mastercard.com,Pendiente
93,47,FONDO MUTUO DE INVERSIÓN FUTURO,CARRERA 48 32BSUR 139,ENVIGADO,8001991320,Gerente,DAVID GÓMEZ ESCOBAR,fondo.futuro@grupo-exito.com,www.fondofuturo.com.co
13,9,ZURICH COLOMBIA SEGUROS S.A.,Calle 116 No.7 - 15 Of 1201 Ed. Cusezar,BOGOTÁ D.C.,8600025340,Presidente,JUAN CARLOS REALPHE GUEVARA,notificaciones.co@zurich.com,www.qbe.com.co
20,206,CAIXABANK S.A.,Carrera 15 No. 88 - 64 oficina 603 Torre Zimma,BOGOTÁ D.C.,9006502070,Representante para Colombia,Carlos  Morales Roviralta,carlos.morales@caixabank.com,Pendiente
11,102,THB COLOMBIA S.A. CORREDORES DE REASEGUROS,Carrera 9 No. 123 - 76/86 oficina 202 y 203,BOGOTÁ D.C.,8000678400,Presidente,LUIS IGNACIO TRUJILLO ECHEVERRI,luistrujillo@thbcolombia.com,Pendiente
401,56,BURSATILES GANADEROS DE COLOMBIA S.A. y podrá usar la sigla BURSAGAN S.A.,CR 9 50 54 P 2,BOGOTÁ D.C.,9001632530,Gerente,RODRIGO ANDRÉS ESPINOSA PALACIOS,rodrigo.espinosa@bursagan.com.co,www.bursagan.com.co
25,7,PENSIONES DE ANTIOQUIA,Carrera 51 No. 52 - 03 Edi Palacio de la Cultura Rafael Uribe,MEDELLIN,8002162780,Gerente,ÓSCAR DE JESÚS MARÍN,pensantioquia@pensionesantioquia.gov.co,www.pensionesantioquia.com.co
128,7,"STONEX GLOBAL PAYMENTS COLOMBIA S.A. SOCIEDAD ESPECIALIZADA EN DEPÓSITOS Y PAGOS ELECTRÓNICOS, pudiendo utilizar indistintamente y para todos los efectos legales la denominación  STONEX COLOMBIA S.A. SEDPE.",Av Carrera 9 No. 115-06/30 oficina 902,BOGOTÁ D.C.,9015678900,Presidente,Freddy Patiño Morales,stonexcolombia@stonex.com,Pendiente
1,6,"Itaú Colombia S.A., es una sociedad comercial anónima, de nacionalidad colombiana. Itaú Colombia S.A. podrá utilizar cualquiera de las siguientes siglas: Itaú Banco Itaú.",Carrera 7 No. 99-53 Piso 18,BOGOTÁ D.C.,8909039370,Presidente,BARUC SANTIAGO SAEZ,Notificaciones.juridico@itau.co,www.bancocorpbanca.com.co
5,60,"BNP PARIBAS SECURITIES SERVICES SOCIEDAD FIDUCIARIA S.A., y podrá utilizar las siglas BNP PARIBAS SECURITIES SERVICES COLOMBIA o BPSCO (la sociedad)",Carrera 7 No. 77-07 Piso 11,BOGOTÁ D.C.,9006356070,Presidente,JORGE MARIO VALDERRAMA VÉLEZ,co-bp2s@co.bnpparibas.com,Pendiente
93,109,"FONDO MUTUO DE INVERSIÓN FIA, en adelante Fondo FIA o el Fondo.",CALLE 15 NO. 29B-30 AUTOPISTA CALI YUMBO,YUMBO,8050103330,Gerente,ANDRES DARÍO QUICENO MAFLA,aqmafla@celsia.com,www.superfinanciera.gov.co
11,28,"DELIMA MARSH S.A. LOS CORREDORES DE SEGUROS, pudiendo indistintamente utilizar el nombre DELIMA MARSH S.A., o MARSH",Calle 67 Norte No. 6N-85,CALI,8903015840,Presidente,JUAN PABLO  SALAZAR SANTAMARIA,notificacionesjudiciales@marsh.com,Pendiente
507,51,"TUDOR SECURITIES, LLC - TUDOR","Carrera 7 No. 74 B - 56, Oficina 502",BOGOTÁ D.C.,9018120690,Representante Legal para Colombia,JUAN CARLOS CARRERAS,tudorsecuritiesreplegal@malegal.co,Pendiente
2,42,BNP PARIBAS COLOMBIA CORPORACIÓN FINANCIERA S.A. y podrá utilizar la sigla BNP PARIBAS COLOMBIA  (la Sociedad),Carrera 7 No. 77 - 07 piso 11 Edificio Torre Siete 77,BOGOTÁ D.C.,9004085370,Presidente,JORGE MARIO VALDERRAMA VÉLEZ,michel.basciano@bnpparibas.com,cib.bnpparibas.com/websites/page.aspx/76
5,18,FIDUCIARIA POPULAR S.A.Sigla: FIDUCIAR S.A.,Carrera 13 A No. 29 - 24 Pisos 20 y 21,BOGOTÁ D.C.,8001412350,Presidente Encargado,ADRIANA RODRÍGUEZ LEÓN,fidupopular@fidupopular.com.co,www.fidupopular.com.co
509,1,PRECIA PROVEEDOR DE PRECIOS PARA VALORACION S.A.,CARRERA 7 NO. 71-21 PISO 4 OFICINA 403,BOGOTÁ D.C.,9004093630,Gerente,JUAN MANUEL QUINTERO BERNAL,jquintero@precia.co,www.precia.co
5,39,SOCIEDAD FIDUCIARIA DE DESARROLLO AGROPECUARIO S.A. pudiendo utilizar la sigla FIDUAGRARIA S.A.,Calle 16 No.6-66 Piso 29 Edificio Avianca,BOGOTÁ D.C.,8001599980,Presidente,GUILLERMO JAVIER ZAPATA LONDOÑO,servicioalcliente@fiduagraria.gov.co,www.fiduagraria.gov.co
507,1,BULLTICK LLC,Carrera 12 No. 79 -43 oficina 504,BOGOTÁ D.C.,9003073220,Representante para Colombia,CARLOS DANIEL  RUIZ VEJARANO,cdruiz@bulltick.com,Pendiente
85,14,BTG PACTUAL S.A. COMISIONISTA DE BOLSA,CR 43 A 1 50 ANDI TO 2 P 10,MEDELLIN,8909071570,Gerente Principal (Presidente),Juliana Barrero Jaramillo,sh-legal-colombia@btgpactual.com,www.btgpactual.com.co
401,44,"RENTA Y CAMPO CORREDORES S.A., que podrá usar el nombre comercial REYCA CORREDORES S.A. y la sigla REYCA S.A.",CALLE 94A # 11A-73 PISO 2,BOGOTÁ D.C.,8020174590,Gerente,Justo Anibal Vásquez Durán,info@reycacorredores.com,www.reycacorredores.com
14,33,"Compañía de Seguros Colsanitas S.A. (en adelante, en estos estatutos la Sociedad),  que podrá utilizar, indistintamente y para todos los efectos legales las siglas: Colsanitas Seguros",Calle 100 No. 11 B-67,BOGOTÁ D.C.,9014695802,Presidente,MARIA DEL PILAR CAMARGO LINARES,impuestososi@colsanitas.com,Pendiente
118,8,"VISA COLOMBIA SUPPORT SERVICES SOCIEDAD ANONIMA, pero pdrá usar la sigla VISA COLOMBIA SUPPORT SERVICES S.A. (la Sociedad)","Carrera. 11 No. 91 - 42, Edificio FIC 9211",BOGOTÁ D.C.,9008785390,Representante Legal Principal,CLAUDIA MARGARITA LATORRE GONZALEZ,Pendiente,Pendiente
600,3,TITULARICE S.A. SOCIEDAD TITULARIZADORA DE ACTIVOS NO HIPOTECARIOS (en adelante la Sociedad),Calle 100 N° 13- 95 Piso 11,BOGOTÁ D.C.,9015981945,Presidente,JORGE ALBERTO LINARES ALARCÓN,rventura@titularice.com,Pendiente
81,1,CORPORACIÓN AUTORREGULADOR DEL MERCADO DE VALORES  DE COLOMBIA  AMV,CALLE 72 NO. 10-07 OFICINA 1202 EDIFICIO LIBERTY,BOGOTÁ D.C.,9000905293,Presidente,HERNÁN ALONSO ÁLZATE ARIAS,info@amvcolombia.org.co,www.amvcolombia.org.co
507,54,"WEST CAPITAL ADVISORS, INC",Calle  102 No. 16 - 27 Apto 203,BOGOTÁ D.C.,0,Representante Legal para Colombia,JORGE ALBERTO DURÁN CABAL,jd@57west.us,Pendiente
510,6,DAVIVIENDA INVESTMENT ADVISOR USA LLC,Pendiente,BOGOTÁ D.C.,0,Representante Legal Principal para Colombia,MARCELA DEL PILAR SÁNCHEZ ROJAS,Pendiente,Pendiente
85,76,AVAL CASA DE BOLSA S.A. SOCIEDAD COMISIONISTA DE BOLSA,Carrera 13 No.26 - 45 Oficina 502 Edificio de Corficolombiana,BOGOTÁ D.C.,8002031865,Presidente,SALIM JASSIR SILVA,servicioalcliente@casadebolsa.com.c,www.casadebolsa.com.co
108,1,BANCO DE LA REPÚBLICA,Carrera 7 No. 14-78 / Carrera 6 No. 14-85 / Calle 16 No. 6-34,BOGOTÁ D.C.,8600052167,Gerente General,LEONARDO VILLAR GÓMEZ,wbanco@banrep.gov.co,www.banrep.gov.co
507,61,SARDONA CAPITAL S.A.,Pendiente,Pendiente,0,Pendiente,Pendiente Pendiente,Pendiente,Pendiente
